Workbook

Sheet Summary
C2: Total Acres | D2: =SUM(D5+K5+R5) -> 5228.3766 | E2: Total Acres Picked | G2: =SUM(D6+K6+R6) -> 1838.7201 | H2: =G2/D2 -> 0.35168088 | I2: Total Acres In Progress | K2: =SUM(D7+K7+R7) -> 122.66 | L2: =K2/D2 -> 0.023460437 | O2: Total Acres Pending | Q2: =D8+K8+R8 -> 3053.2465 | R2: =Q2/D2 -> 0.58397601
C5: Clements Acres | D5: =SUM(C13:C67) -> 1992.3565 | J5: Delta Acres | K5: =SUM(J13:J65) -> 1323.11 | Q5: Lodi Acres | R5: =SUM(Q13:Q87) -> 1912.9101
C6: Picked | D6: =SUM(E13:E75) -> 384.98 | E6: =D6/(D5) -> 0.19322847 | J6: Picked | K6: =SUM(L13:L72) -> 884.5 | L6: =K6/(K5) -> 0.66850073 | Q6: Picked | R6: =SUM(S13:S93) -> 569.24009 | S6: =R6/(R5) -> 0.29757807
C7: In Progress | D7: =D19+D42+D67 -> 65.83 | E7: =D7/(D5) -> 0.033041275 | J7: In Progress | K7: =K33+K54 -> 9.28 | L7: =K7/(K5) -> 0.0070137781 | Q7: In Progress | R7: =R21+R49+R50+R62 -> 47.55 | S7: =R7/(R5) -> 0.024857415
C8: Pending | D8: =SUM(D13:D18,D20:D26,D29:D30,D35:D37,D32:D33,D39:D41,D43:D52,D54:D57,D59,D61:D66) -> 1536.5465 | E8: =D8/(D5) -> 0.77122067 | J8: Pending | K8: =SUM(K34:K38,K42:K43,K56,K61) -> 224.53 | L8: =K8/(K5) -> 0.16969866 | Q8: Pending | R8: =R5-(R6+R7+R9) -> 1292.17 | S8: =R8/(R5) -> 0.6754996
C9: No/Maybe Pick | D9: 5 | E9: =D9/D5 -> 0.002509591 | J9: No/Maybe Pick | K9: =K19+K20+K23+K24+K25+K26+K27+K28+K29+K47+K48+K50+K51+K58 -> 202.68 | L9: =K9/K5 -> 0.15318454 | Q9: No/Maybe Pick | R9: 3.95 | S9: =R9/R5 -> 0.0020649167
B11: CLEMENTS | I11: DELTA | P11: LODI
B12: CODE | C12: ACRES | D12: AC. LEFT | E12: FINISHED | F12: TONS | G12: TPA | I12: CODE | J12: ACRES | K12: AC. LEFT | L12: FINISHED | M12: TONS | N12: TPA | P12: CODE | Q12: ACRES | R12: AC. LEFT | S12: FINISHED | T12: TONS | U12: TPA
B13: 98OK01CS | C13: 22.945684 | D13: =C13 -> 22.945684 | E13: =C13-D13 -> 0 | I13: DVDU02SB | J13: 39.42 | K13: 0 | L13: =J13-K13 -> 39.42 | P13: ARDA01CS | Q13: 36.81 | R13: =Q13 -> 36.81 | S13: =Q13-R13 -> 0 | U13: =IFERROR(T13/S13,"")
B14: 98OK02CS | C14: 15.91072 | D14: =C14 -> 15.91072 | E14: =C14-D14 -> 0 | I14: DVDU05CH | J14: 42.04 | K14: 0 | L14: =J14-K14 -> 42.04 | P14: BAPE01CH | Q14: 42.120091 | R14: 0 | S14: =Q14-R14 -> 42.120091 | U14: =IFERROR(T14/S14,"") -> 0
B15: 98OK03MA | C15: 19.051904 | D15: =C15 -> 19.051904 | E15: =C15-D15 -> 0 | I15: DVDU07MC | J15: 28.51 | K15: 0.5 | L15: =J15-K15 -> 28.01 | P15: BEBU01ME | Q15: 46.96 | R15: 0 | S15: =Q15-R15 -> 46.96 | U15: =IFERROR(T15/S15,"") -> 0
B16: 98OK04CS | C16: 26.525629 | D16: =C16 -> 26.525629 | E16: =C16-D16 -> 0 | I16: DVDU1CSB | J16: 45.21 | K16: 0 | L16: =J16-K16 -> 45.21 | P16: DBAI02SA | Q16: 10.03 | R16: =Q16 -> 10.03 | S16: =Q16-R16 -> 0 | U16: =IFERROR(T16/S16,"")
B17: 98OK05CS | C17: 20.2326 | D17: =C17 -> 20.2326 | E17: =C17-D17 -> 0 | I17: DVMA01PN | J17: 46.69 | K17: 0 | L17: =J17-K17 -> 46.69 | P17: DBAI03ZN | Q17: 9.27 | R17: 0 | S17: =Q17-R17 -> 9.27
B18: 98OK06CS | C18: 24.5 | D18: =C18 -> 24.5 | E18: =C18-D18 -> 0 | I18: DVMA02PG | J18: 102.93 | K18: 0 | L18: =J18-K18 -> 102.93 | P18: DBAI04CS | Q18: 9.27 | R18: =Q18 -> 9.27 | S18: =Q18-R18 -> 0 | U18: =IFERROR(T18/S18,"")
B19: 98OK07ME | C19: 37.6 | D19: 24.62 | E19: =C19-D19 -> 12.98 | I19: FFRY01PN | J19: 38.21 | K19: 0.33 | L19: =J19-K19 -> 37.88 | P19: DBDA05CH | Q19: 10.07 | R19: 10.07 | S19: 0 | U19: =IFERROR(T19/S19,"")
B20: 98OK08PS | C20: 24.5 | D20: =C20 -> 24.5 | E20: =C20-D20 -> 0 | I20: FFRY02PN | J20: 15.18 | K20: =J20 -> 15.18 | L20: =J20-K20 -> 0 | P20: DFDA04ZN | Q20: 8.07 | R20: 0 | S20: =Q20-R20 -> 8.07 | U20: =IFERROR(T20/S20,"") -> 0
B21: 98OK09CS | C21: 39.2 | D21: =C21 -> 39.2 | E21: =C21-D21 -> 0 | I21: FFRY04CH | J21: 15.95 | K21: 0.71 | L21: =J21-K21 -> 15.24 | P21: DFDA07ND | Q21: 6.72 | R21: 0.29 | S21: =Q21-R21 -> 6.43 | U21: =IFERROR(T21/S21,"") -> 0
B22: 98OK10ZN | C22: 18.8 | D22: =C22 -> 18.8 | E22: =C22-D22 -> 0 | I22: FFRY05CH | J22: 24.82 | K22: 0.91 | L22: =J22-K22 -> 23.91 | P22: FDJA01TO | Q22: 20.25 | R22: =Q22 -> 20.25 | S22: =Q22-R22 -> 0 | U22: =IFERROR(T22/S22,"")
B23: 98OK11CF | C23: 21 | D23: =C23 -> 21 | E23: =C23-D23 -> 0 | I23: FFRY09PN | J23: 4.53 | K23: =J23 -> 4.53 | L23: =J23-K23 -> 0 | P23: FDJA02TE | Q23: 20.26 | R23: =Q23 -> 20.26 | S23: =Q23-R23 -> 0 | U23: =IFERROR(T23/S23,"")
B24: BAVC01ZN | C24: 17.14 | D24: =C24 -> 17.14 | E24: =C24-D24 -> 0 | I24: FFRY10PN | J24: 9.48 | K24: =J24 -> 9.48 | L24: =J24-K24 -> 0 | P24: FDJA03MA | Q24: 36.25 | R24: =Q24 -> 36.25 | S24: =Q24-R24 -> 0 | U24: =IFERROR(T24/S24,"")
B25: BAVC02PR | C25: 11.79 | D25: =C25 -> 11.79 | E25: =C25-D25 -> 0 | I25: FFRY15CB | J25: 41.01 | K25: =J25 -> 41.01 | L25: =J25-K25 -> 0 | P25: FDJA04ME | Q25: 41.1 | R25: =Q25 -> 41.1 | S25: =Q25-R25 -> 0 | U25: =IFERROR(T25/S25,"")
B26: BHCH01CS | C26: 45.32 | D26: =C26 -> 45.32 | E26: =C26-D26 -> 0 | I26: FFRY3BXX | J26: 19.96 | K26: =J26 -> 19.96 | L26: =J26-K26 -> 0 | P26: FDJA05ME | Q26: 18.39 | R26: =Q26 -> 18.39 | S26: =Q26-R26 -> 0 | U26: =IFERROR(T26/S26,"")
B27: BSHMOHCS | C27: 5 | D27: =C27 -> 5 | E27: =C27-D27 -> 0 | I27: FFRY99PN | J27: 18.11 | K27: =J27 -> 18.11 | L27: =J27-K27 -> 0 | P27: FRDU01ME | Q27: 3.73 | R27: =Q27 -> 3.73 | S27: =Q27-R27 -> 0 | U27: =IFERROR(T27/S27,"")
B28: CL3A02SB | C28: 50.74 | D28: 0 | E28: =C28-D28 -> 50.74 | I28: MFRN00PN | J28: 5 | K28: =J28 -> 5 | L28: =J28-K28 -> 0 | P28: HEBO01CS | Q28: 17.14 | R28: =Q28 -> 17.14 | S28: =Q28-R28 -> 0 | U28: =IFERROR(T28/S28,"")
B29: CLAT05CS | C29: 34.92 | D29: =C29 -> 34.92 | E29: =C29-D29 -> 0 | I29: MFRN02PN | J29: 45.71 | K29: 23.75 | L29: =J29-K29 -> 21.96 | P29: HIHV04CS | Q29: 44.56 | R29: =Q29 -> 44.56 | S29: =Q29-R29 -> 0 | U29: =IFERROR(T29/S29,"")
B30: CLBC00VD | C30: 7.1 | D30: =C30 -> 7.1 | E30: =C30-D30 -> 0 | I30: MFRN03PG | J30: 45.11 | K30: 0 | L30: =J30-K30 -> 45.11 | P30: HIHV05PS | Q30: 57.07 | R30: =Q30 -> 57.07 | S30: =Q30-R30 -> 0 | U30: =IFERROR(T30/S30,"")
B31: CLBC01PG | C31: =39.34 -> 39.34 | D31: 0 | E31: =C31 -> 39.34 | F31: 264 | G31: =F31/C31 -> 6.710727 | I31: MJMJ02PG | J31: 66.53 | K31: 0 | L31: =J31-K31 -> 66.53 | P31: IWHM01CS | Q31: 3.95 | R31: =Q31 -> 3.95 | S31: =Q31-R31 -> 0 | U31: =IFERROR(T31/S31,"")
B32: CLBC02CH | C32: 59.54 | D32: =C32 -> 59.54 | E32: =C32-D32 -> 0 | I32: MJMJ03CB | J32: 19.38 | K32: 0 | L32: =J32-K32 -> 19.38 | P32: JONR01CH | Q32: 37.82 | R32: 0 | S32: =Q32-R32 -> 37.82 | U32: =IFERROR(T32/S32,"") -> 0
B33: CLLA01ME | C33: 72.66 | D33: =C33 -> 72.66 | E33: =C33-D33 -> 0 | I33: MJMJ04CB | J33: 36.77 | K33: 6.78 | L33: =J33-K33 -> 29.99 | P33: JONR02SB | Q33: 7.06 | R33: 0 | S33: =Q33-R33 -> 7.06 | U33: =IFERROR(T33/S33,"") -> 0
B34: CLMN01SY | C34: 60.52 | D34: 0 | E34: =C34-D34 -> 60.52 | I34: ONMI01CS | J34: 36.13 | K34: =J34 -> 36.13 | L34: =J34-K34 -> 0 | P34: JONR03GV | Q34: 4.51 | R34: 4.51 | S34: 0 | U34: =IFERROR(T34/S34,"")
B35: CLMN03PS | C35: 4.97 | D35: =C35 -> 4.97 | E35: =C35-D35 -> 0 | I35: ONMI02CS | J35: 41.4 | K35: =J35 -> 41.4 | L35: =J35-K35 -> 0 | P35: LAPR02CH | Q35: 34.2 | R35: =Q35 -> 34.2 | S35: =Q35-R35 -> 0 | U35: =IFERROR(T35/S35,"")
B36: CLMN04PS | C36: 12.29 | D36: =C36 -> 12.29 | E36: =C36-D36 -> 0 | I36: ONMI04CS | J36: 30.18 | K36: =J36 -> 30.18 | L36: =J36-K36 -> 0 | P36: LAPR03ME | Q36: 34.06 | R36: =Q36 -> 34.06 | S36: =Q36-R36 -> 0 | U36: =IFERROR(T36/S36,"")
B37: CLMN05PS | C37: 16.22 | D37: =C37 -> 16.22 | E37: =C37-D37 -> 0 | I37: ONMI05CS | J37: 32.99 | K37: =J37 -> 32.99 | L37: =J37-K37 -> 0 | P37: LAPR04PS | Q37: 43.76 | R37: =Q37 -> 43.76 | S37: =Q37-R37 -> 0 | U37: =IFERROR(T37/S37,"")
B38: CLMO01BA | C38: 34.41 | D38: 0 | E38: =C38-D38 -> 34.41 | I38: ONMI06CS | J38: 30.71 | K38: =J38 -> 30.71 | L38: =J38-K38 -> 0 | P38: LAPR05CS | Q38: 43.1 | R38: =Q38 -> 43.1 | S38: =Q38-R38 -> 0 | U38: =IFERROR(T38/S38,"")
B39: CLNR01CS | C39: 59.72 | D39: =C39 -> 59.72 | E39: =C39-D39 -> 0 | I39: ONMI07ME | J39: 38.76 | K39: 0 | L39: =J39-K39 -> 38.76 | P39: LF1001CS | Q39: 49.01 | R39: =Q39 -> 49.01 | S39: =Q39-R39 -> 0 | U39: =IFERROR(T39/S39,"")
B40: CLOK02CS | C40: 104.19 | D40: =C40 -> 104.19 | E40: =C40-D40 -> 0 | I40: ONMI08ME | J40: 38.34 | K40: 0 | L40: =J40-K40 -> 38.34 | P40: LF1002PS | Q40: 49.52 | R40: =Q40 -> 49.52 | S40: =Q40-R40 -> 0 | U40: =IFERROR(T40/S40,"")
B41: CLOK1AME | C41: 50.38 | D41: =C41 -> 50.38 | E41: =C41-D41 -> 0 | I41: ONMI09CH | J41: 39.13 | K41: 0 | L41: =J41-K41 -> 39.13 | P41: LF3801CS | Q41: 48.52 | R41: =Q41 -> 48.52 | S41: =Q41-R41 -> 0 | U41: =IFERROR(T41/S41,"")
B42: CLPC02BA | C42: 28.07 | D42: 11.58 | E42: =C42-D42 -> 16.49 | I42: ONMI3ACS | J42: 8.77 | K42: =J42 -> 8.77 | L42: =J42-K42 -> 0 | P42: LF8001TD | Q42: 24.87 | R42: =Q42 -> 24.87 | S42: =Q42-R42 -> 0 | U42: =IFERROR(T42/S42,"")
B43: CLPC07CS | C43: 86.1 | D43: =C43 -> 86.1 | E43: =C43-D43 -> 0 | I43: ONMI3BCS | J43: 25.73 | K43: =J43 -> 25.73 | L43: =J43-K43 -> 0 | P43: LF8004CH | Q43: 18.48 | R43: 0 | S43: =Q43-R43 -> 18.48
B44: CLPC3BME | C44: 43.28 | D44: =C44 -> 43.28 | E44: =C44-D44 -> 0 | I44: PRHZ01CH | J44: 12.58 | K44: 0 | L44: =J44-K44 -> 12.58 | P44: LFBE01CS | Q44: 58.08 | R44: =Q44 -> 58.08 | S44: =Q44-R44 -> 0 | U44: =IFERROR(T44/S44,"")
B45: CLPC4APR | C45: 57.99 | D45: =C45 -> 57.99 | E45: =C45-D45 -> 0 | I45: PRHZ02PN | J45: 7.27 | K45: 0 | L45: =J45-K45 -> 7.27 | P45: LFBE02VI | Q45: 38.38 | R45: 0 | S45: =Q45-R45 -> 38.38
B46: CLPC4BCH | C46: 60.57 | D46: =C46 -> 60.57 | E46: =C46-D46 -> 0 | I46: PRHZ03PN | J46: 7.06 | K46: 0 | L46: =J46-K46 -> 7.06 | P46: LFBT01CH | Q46: 37.34 | R46: 0 | S46: =Q46-R46 -> 37.34
B47: CLPT01CS | C47: 83.51 | D47: =C47 -> 83.51 | E47: =C47-D47 -> 0 | I47: PRHZ09SB | J47: 13.77 | K47: =J47 -> 13.77 | L47: =J47-K47 -> 0 | P47: LFBT02SB | Q47: 37.45 | R47: 0 | S47: =Q47-R47 -> 37.45
B48: CLR201MA | C48: 35.56 | D48: =C48 -> 35.56 | E48: =C48-D48 -> 0 | I48: PRHZ10SB | J48: 4.93 | K48: =J48 -> 4.93 | L48: =J48-K48 -> 0 | P48: LFDA02PG | Q48: 9.75 | R48: 0 | S48: =Q48-R48 -> 9.75
B49: CLR202CH | C49: 70.35 | D49: =C49 -> 70.35 | E49: =C49-D49 -> 0 | I49: PRHZ11CB | J49: 19.86 | K49: 0 | L49: =J49-K49 -> 19.86 | P49: LFEX01SA | Q49: 16.87 | R49: 12.83 | S49: =Q49-R49 -> 4.04
B50: GEWENOCH | C50: 26.24 | D50: =C50 -> 26.24 | E50: =C50-D50 -> 0 | I50: PRHZ12CH | J50: 10 | K50: =J50 -> 10 | L50: =J50-K50 -> 0 | P50: LFEX02SY | Q50: 19.71 | R50: =Q50 -> 19.71 | S50: =Q50-R50 -> 0 | U50: =IFERROR(T50/S50,"")
B51: KBBR01ZN | C51: 29.27 | D51: =C51 -> 29.27 | E51: =C51-D51 -> 0 | I51: PRHZ13PG | J51: 17.81 | K51: =J51 -> 17.81 | L51: =J51-K51 -> 0 | P51: LFEX03VI | Q51: 16.13 | R51: 0 | S51: =Q51-R51 -> 16.13 | U51: =IFERROR(T51/S51,"") -> 0
B52: KBBR02TD | C52: 22.59 | D52: =C52 -> 22.59 | E52: =C52-D52 -> 0 | I52: PRHZ14CB | J52: 3.03 | K52: 0 | L52: =J52-K52 -> 3.03 | P52: LFEX04VI | Q52: 11.78 | R52: 0 | S52: =Q52-R52 -> 11.78 | U52: =IFERROR(T52/S52,"") -> 0
B53: MFLO01PG | C53: 42.4 | D53: 0 | E53: =C53-D53 -> 42.4 | I53: PRHZ15CB | J53: 22.93 | K53: 0 | L53: =J53-K53 -> 22.93 | P53: LFGC01CS | Q53: 83.49 | R53: =Q53 -> 83.49 | S53: =Q53-R53 -> 0 | U53: =IFERROR(T53/S53,"")
B54: MFLO02TE | C54: 22.37 | D54: =C54 -> 22.37 | E54: =C54-D54 -> 0 | I54: PRHZ16CB | J54: 6.52 | K54: 2.5 | L54: =J54-K54 -> 4.02 | P54: LFRA02CF | Q54: 14.91 | R54: =Q54 -> 14.91 | S54: =Q54-R54 -> 0 | U54: =IFERROR(T54/S54,"")
B55: MRPR01CS | C55: 35.04 | D55: =C55 -> 35.04 | E55: =C55-D55 -> 0 | I55: PRHZ17CB | J55: 7.28 | K55: 0 | L55: =J55-K55 -> 7.28 | P55: LFRR02CS | Q55: 11.29 | R55: =Q55 -> 11.29 | S55: =Q55-R55 -> 0 | U55: =IFERROR(T55/S55,"")
B56: POCR03CS | C56: 59.66 | D56: =C56 -> 59.66 | E56: =C56-D56 -> 0 | I56: PRHZ18PS | J56: 9.55 | K56: =J56 -> 9.55 | L56: =J56-K56 -> 0 | P56: LFRR03CS | Q56: 29.38 | R56: =Q56 -> 29.38 | S56: =Q56-R56 -> 0 | U56: =IFERROR(T56/S56,"")
B57: POHM01PV | C57: 15 | D57: =C57 -> 15 | E57: =C57-D57 -> 0 | I57: PRHZ19BM | P57: LFRR04CS | Q57: 8.48 | R57: =Q57 -> 8.48 | S57: =Q57-R57 -> 0 | U57: =IFERROR(T57/S57,"")
B58: PPBR03CH | C58: 41.7 | D58: 0 | E58: =C58-D58 -> 41.7 | I58: PRHZ20OM | J58: 18.82 | K58: =J58 -> 18.82 | L58: =J58-K58 -> 0 | P58: LFRR05MP | Q58: 4.69 | R58: =Q58 -> 4.69 | S58: =Q58-R58 -> 0 | U58: =IFERROR(T58/S58,"")
B59: PPCR01ME | C59: 34.08 | D59: =C59 -> 34.08 | E59: =C59-D59 -> 0 | I59: PRHZ21CH | J59: 9.75 | K59: 0 | L59: =J59-K59 -> 9.75 | P59: LFRR06AG | Q59: 6.75 | R59: =Q59 -> 6.75 | S59: =Q59-R59 -> 0 | U59: =IFERROR(T59/S59,"")
B60: PPCR02CH | C60: 32.79 | D60: 0 | E60: =C60-D60 -> 32.79 | I60: PRHZ22CB | J60: 3.85 | K60: 0 | L60: =J60-K60 -> 3.85 | P60: LFRR07PB | Q60: 5.05 | R60: =Q60 -> 5.05 | S60: =Q60-R60 -> 0 | U60: =IFERROR(T60/S60,"")
B61: RSR101CH | C61: 27.32 | D61: =C61 -> 27.32 | E61: =C61-D61 -> 0 | I61: PRHZ99MA | J61: 9.07 | K61: =J61 -> 9.07 | L61: =J61-K61 -> 0 | P61: LFRR08GB | Q61: 4.75 | R61: 0 | S61: =Q61-R61 -> 4.75 | U61: =IFERROR(T61/S61,"") -> 0
B62: RSR103CH | C62: 8.84 | D62: =C62 -> 8.84 | E62: =C62-D62 -> 0 | I62: PRHZ99VV | J62: 2.87 | K62: 0 | L62: =J62-K62 -> 2.87 | P62: LFRT02PR | Q62: 27.8 | R62: 14.72 | S62: =Q62-R62 -> 13.08 | U62: =IFERROR(T62/S62,"") -> 0
B63: SMSM01ME | C63: 23.13 | D63: =C63 -> 23.13 | E63: =C63-D63 -> 0 | I63: WHWH01GE | J63: 38.4 | K63: 0 | L63: =J63-K63 -> 38.4 | P63: LFRT03AN | Q63: 0.33 | R63: 0 | S63: =Q63-R63 -> 0.33 | U63: =IFERROR(T63/S63,"") -> 0
B64: SZVC01ZN | C64: 10.65 | D64: =C64 -> 10.65 | E64: =C64-D64 -> 0 | I64: WHWH02PG | J64: 34.89 | K64: 0 | L64: =J64-K64 -> 34.89 | P64: LFTO01CS | Q64: 57.29 | R64: =Q64 -> 57.29 | S64: =Q64-R64 -> 0 | U64: =IFERROR(T64/S64,"")
B65: SZVC02ZN | C65: 12.09 | D65: =C65 -> 12.09 | E65: =C65-D65 -> 0 | I65: WHWH03AL | J65: 30.18 | K65: 0 | L65: =J65-K65 -> 30.18 | P65: LFTO02SB | Q65: 56.02 | R65: 0 | S65: =Q65-R65 -> 56.02 | U65: =IFERROR(T65/S65,"") -> 0
B66: ZLLAOHCS | C66: 44 | D66: =C66 -> 44 | E66: =C66-D66 -> 0 | P66: LFW104CS | Q66: 54.49 | R66: =Q66 -> 54.49 | S66: =Q66-R66 -> 0 | U66: =IFERROR(T66/S66,"")
B67: ZLSO01PN | C67: 83.24 | D67: 29.63 | E67: =C67-D67 -> 53.61 | P67: LFW105CH | Q67: 17.33 | R67: 0 | S67: =Q67-R67 -> 17.33 | U67: =IFERROR(T67/S67,"") -> 0
P68: LFW106KU | Q68: 2.5 | R68: =Q68 -> 2.5 | S68: =Q68-R68 -> 0 | U68: =IFERROR(T68/S68,"")
P69: LFW301CS | Q69: 40.39 | R69: =Q69 -> 40.39 | S69: =Q69-R69 -> 0 | U69: =IFERROR(T69/S69,"")
P70: MEJA03CS | Q70: 31.12 | R70: =Q70 -> 31.12 | S70: =Q70-R70 -> 0 | U70: =IFERROR(T70/S70,"")
P71: MKJA04CS | Q71: 36.41 | R71: =Q71 -> 36.41 | S71: =Q71-R71 -> 0 | U71: =IFERROR(T71/S71,"")
P72: MUMU01SB | Q72: 21.38 | R72: 0 | S72: =Q72-R72 -> 21.38 | U72: =IFERROR(T72/S72,"") -> 0
P73: MUMU02PG | Q73: 20.98 | R73: 0 | S73: =Q73-R73 -> 20.98 | U73: =IFERROR(T73/S73,"") -> 0
P74: MVDU01CS | Q74: 4.08 | R74: =Q74 -> 4.08 | S74: =Q74-R74 -> 0 | U74: =IFERROR(T74/S74,"")
P75: MVDU02ME | Q75: 8.38 | R75: =Q75 -> 8.38 | S75: =Q75-R75 -> 0 | U75: =IFERROR(T75/S75,"")
P76: RING01CS | Q76: 64.31 | R76: =Q76 -> 64.31 | S76: =Q76-R76 -> 0 | U76: =IFERROR(T76/S76,"")
P77: SEJA01CS | Q77: 18.59 | R77: =Q77 -> 18.59 | S77: =Q77-R77 -> 0 | U77: =IFERROR(T77/S77,"")
P78: SLHM01TD | Q78: 19.55 | R78: =Q78 -> 19.55 | S78: =Q78-R78 -> 0 | U78: =IFERROR(T78/S78,"")
P79: SLHM02VI | Q79: 19.35 | R79: 0 | S79: =Q79-R79 -> 19.35 | U79: =IFERROR(T79/S79,"") -> 0
P80: SLHM03CH | Q80: 19.13 | R80: =Q80 -> 19.13 | S80: =Q80-R80 -> 0 | U80: =IFERROR(T80/S80,"")
P81: SLHM04SB | Q81: 35.5 | R81: 0 | S81: =Q81-R81 -> 35.5 | U81: =IFERROR(T81/S81,"") -> 0
P82: SLHM05PN | Q82: 23.24 | R82: 0 | S82: =Q82-R82 -> 23.24 | U82: =IFERROR(T82/S82,"") -> 0
P83: SLHM06ZN | Q83: 4.72 | R83: =Q83 -> 4.72 | S83: =Q83-R83 -> 0 | U83: =IFERROR(T83/S83,"")
P84: SLHM08PR | Q84: 7.16 | R84: =Q84 -> 7.16 | S84: =Q84-R84 -> 0 | U84: =IFERROR(T84/S84,"")
P85: SZDU01CH | Q85: 22.58 | R85: =Q85 -> 22.58 | S85: =Q85-R85 -> 0 | U85: =IFERROR(T85/S85,"")
P86: SZDU02ZN | Q86: 22.87 | R86: =Q86 -> 22.87 | S86: =Q86-R86 -> 0 | U86: =IFERROR(T86/S86,"")
P87: VKDD01CH | Q87: 26.2 | R87: 0 | S87: =Q87-R87 -> 26.2 | U87: =IFERROR(T87/S87,"") -> 0

Sheet Row Counts
A1: REMINDER: FILTER ONLY - DO NOT SORT!
A2: DATE | B2: BLOCK | C2: VINE SPACING | D2: TOTAL VINES | E2: VINES PICKED | F2: VINES LEFT | G2: TOTAL ACRES | H2: ACRES PICKED | I2: ACRES LEFT | J2: ACRES PICKED SINCE LAST COUNT | K2: LOADS | L2: WINERY | M2: TONS PICKED TODAY | N2: TPA | O2: LOADS TO FINISH | P2: ROW COUNT REPORTED BY | Q2: ROWS | R2: NOTES
A3: 46218 | B3: LF8004CH | C3: {=IF(B3="","",_xlfn._xlws.FILTER('Source List'!I$2:I$268,'Source List'!G$2:G$268='Row Counts'!B3," "))} -> 622 | D3: {=IF(B3="","",_xlfn._xlws.FILTER('Source List'!J$2:J$268,'Source List'!G$2:G$268='Row Counts'!B3," "))} -> 11433 | E3: 5585 | F3: =Table1[[#This Row],[TOTAL VINES]]-Table1[[#This Row],[VINES PICKED]] -> 5848 | G3: =IFERROR(D3/C3,0) -> 18.381029 | H3: =IFERROR(E3/C3,0) -> 8.9790997 | I3: =Table1[[#This Row],[TOTAL ACRES]]-Table1[[#This Row],[ACRES PICKED]] -> 9.4019293 | J3: =Table1[[#This Row],[ACRES PICKED]] -> 8.9790997 | K3: 2.5 | L3: LTW | M3: 53.55 | N3: =IFERROR(M3/J3,0) -> 5.9638496 | O3: =IFERROR((N3*I3)/23,"") -> 2.4378997 | P3: Luis | Q3: Picked: 24-45 (Rosa FC)
A4: 46224 | B4: LFEX01SA | C4: {=IF(B4="","",_xlfn._xlws.FILTER('Source List'!I$2:I$268,'Source List'!G$2:G$268='Row Counts'!B4," "))} -> 605 | D4: {=IF(B4="","",_xlfn._xlws.FILTER('Source List'!J$2:J$268,'Source List'!G$2:G$268='Row Counts'!B4," "))} -> 10120 | E4: 2356 | F4: =Table1[[#This Row],[TOTAL VINES]]-Table1[[#This Row],[VINES PICKED]] -> 7764 | G4: =IFERROR(D4/C4,0) -> 16.727273 | H4: =IFERROR(E4/C4,0) -> 3.8942149 | I4: =Table1[[#This Row],[TOTAL ACRES]]-Table1[[#This Row],[ACRES PICKED]] -> 12.833058 | J4: =Table1[[#This Row],[ACRES PICKED]] -> 3.8942149 | K4: 1 | L4: LTW | M4: 24.43 | N4: =IFERROR(M4/J4,0) -> 6.2734083 | O4: =IFERROR((N4*I4)/23,"") -> 3.5003049 | P4: Luis | Q4: Picked: 8-23,25,27,39(1/2)
A5: 46224 | B5: DBAI03ZN | C5: {=IF(B5="","",_xlfn._xlws.FILTER('Source List'!I$2:I$268,'Source List'!G$2:G$268='Row Counts'!B5," "))} -> 622 | D5: {=IF(B5="","",_xlfn._xlws.FILTER('Source List'!J$2:J$268,'Source List'!G$2:G$268='Row Counts'!B5," "))} -> 5633 | E5: =2604+25 -> 2629 | F5: =Table1[[#This Row],[TOTAL VINES]]-Table1[[#This Row],[VINES PICKED]] -> 3004 | G5: =IFERROR(D5/C5,0) -> 9.0562701 | H5: =IFERROR(E5/C5,0) -> 4.2266881 | I5: =Table1[[#This Row],[TOTAL ACRES]]-Table1[[#This Row],[ACRES PICKED]] -> 4.829582 | J5: =Table1[[#This Row],[ACRES PICKED]] -> 4.2266881 | K5: 1 | L5: LTW | M5: 24.37 | N5: =IFERROR(M5/J5,0) -> 5.7657436 | O5: =IFERROR((N5*I5)/23,"") -> 1.2107014 | P5: Luis | Q5: Picked: 6-41,43,45,47(25vines)
A6: 46226 | B6: CLBC01PG | C6: {=IF(B6="","",_xlfn._xlws.FILTER('Source List'!I$2:I$268,'Source List'!G$2:G$268='Row Counts'!B6," "))} -> 681 | D6: {=IF(B6="","",_xlfn._xlws.FILTER('Source List'!J$2:J$268,'Source List'!G$2:G$268='Row Counts'!B6," "))} -> 26421 | E6: 13699 | F6: =Table1[[#This Row],[TOTAL VINES]]-Table1[[#This Row],[VINES PICKED]] -> 12722 | G6: =IFERROR(D6/C6,0) -> 38.797357 | H6: =IFERROR(E6/C6,0) -> 20.116006 | I6: =Table1[[#This Row],[TOTAL ACRES]]-Table1[[#This Row],[ACRES PICKED]] -> 18.681351 | J6: =Table1[[#This Row],[ACRES PICKED]] -> 20.116006 | K6: 6 | L6: Oneill | M6: 142.24 | N6: =IFERROR(M6/J6,0) -> 7.0709862 | O6: =IFERROR((N6*I6)/23,"") -> 5.7432859 | P6: Luis | Q6: Picked: 1-34,36-48,50,52,54,56,65,67,69-72-74,76, Row 56 is 3/4 picked, Row 73 is 1/2 picked. We estimated for unknowns
A7: 46227 | B7: CLBC01PG | C7: {=IF(B7="","",_xlfn._xlws.FILTER('Source List'!I$2:I$268,'Source List'!G$2:G$268='Row Counts'!B7," "))} -> 681 | D7: {=IF(B7="","",_xlfn._xlws.FILTER('Source List'!J$2:J$268,'Source List'!G$2:G$268='Row Counts'!B7," "))} -> 26421 | E7: =IFERROR(Table1[[#This Row],[TOTAL VINES]]-Table1[[#This Row],[VINES LEFT]],"") -> 26421 | F7: =Table1[[#This Row],[TOTAL VINES]]-Table1[[#This Row],[VINES PICKED]] -> 0 | G7: =IFERROR(D7/C7,0) -> 38.797357 | H7: =IFERROR(E7/C7,0) -> 38.797357 | I7: =Table1[[#This Row],[TOTAL ACRES]]-Table1[[#This Row],[ACRES PICKED]] -> 0 | J7: =I6 -> 18.681351 | K7: 5.25 | L7: Oneill | M7: 122.51 | N7: =IFERROR(M7/J7,0) -> 6.5578769 | O7: =IFERROR((N7*I7)/23,"") -> 0 | P7: Luis | Q7: FC
A8: 46230 | B8: DVDU1CSB | C8: {=IF(B8="","",_xlfn._xlws.FILTER('Source List'!I$2:I$268,'Source List'!G$2:G$268='Row Counts'!B8," "))} -> 726 | D8: {=IF(B8="","",_xlfn._xlws.FILTER('Source List'!J$2:J$268,'Source List'!G$2:G$268='Row Counts'!B8," "))} -> 32514 | E8: =IFERROR(Table1[[#This Row],[TOTAL VINES]]-Table1[[#This Row],[VINES LEFT]],"") -> 13022 | F8: =18893+199+300+100 -> 19492 | G8: =IFERROR(D8/C8,0) -> 44.785124 | H8: =IFERROR(E8/C8,0) -> 17.936639 | I8: =Table1[[#This Row],[TOTAL ACRES]]-Table1[[#This Row],[ACRES PICKED]] -> 26.848485 | J8: =Table1[[#This Row],[ACRES PICKED]] -> 17.936639 | K8: 6 | L8: Gallo | M8: 134.45 | N8: =IFERROR(M8/J8,0) -> 7.4958301 | O8: =IFERROR((N8*I8)/23,"") -> 8.7500731 | P8: Luis | Q8: Left to pick: 9,13,15,24,26,28-40,48,50,52-81, row 24 1/2 picked, row 15 1/4 picked, row 48 3/4 picked
A9: 46230 | B9: LFEX01SA | C9: {=IF(B9="","",_xlfn._xlws.FILTER('Source List'!I$2:I$268,'Source List'!G$2:G$268='Row Counts'!B9," "))} -> 605 | D9: {=IF(B9="","",_xlfn._xlws.FILTER('Source List'!J$2:J$268,'Source List'!G$2:G$268='Row Counts'!B9," "))} -> 10120 | E9: 6532 | F9: =Table1[[#This Row],[TOTAL VINES]]-Table1[[#This Row],[VINES PICKED]] -> 3588 | G9: =IFERROR(D9/C9,0) -> 16.727273 | H9: =IFERROR(E9/C9,0) -> 10.796694 | I9: =Table1[[#This Row],[TOTAL ACRES]]-Table1[[#This Row],[ACRES PICKED]] -> 5.9305785 | J9: =Table1[[#This Row],[ACRES PICKED]] -> 10.796694 | K9: 2 | L9: LTW | M9: 51.27 | N9: =IFERROR(M9/J9,0) -> 4.7486758 | O9: =IFERROR((N9*I9)/23,"") -> 1.2244519 | P9: Kyle | Q9: Picked rows: 8-55, 56(1/2), 57, 59, 61(1/2)
A10: 46230 | B10: MUMU02PG | C10: {=IF(B10="","",_xlfn._xlws.FILTER('Source List'!I$2:I$268,'Source List'!G$2:G$268='Row Counts'!B10," "))} -> 681 | D10: {=IF(B10="","",_xlfn._xlws.FILTER('Source List'!J$2:J$268,'Source List'!G$2:G$268='Row Counts'!B10," "))} -> 14141 | E10: =IFERROR(Table1[[#This Row],[TOTAL VINES]]-Table1[[#This Row],[VINES LEFT]],"") -> 8916 | F10: 5225 | G10: =IFERROR(D10/C10,0) -> 20.765051 | H10: =IFERROR(E10/C10,0) -> 13.092511 | I10: =Table1[[#This Row],[TOTAL ACRES]]-Table1[[#This Row],[ACRES PICKED]] -> 7.6725404 | J10: =Table1[[#This Row],[ACRES PICKED]] -> 13.092511 | K10: 3 | L10: Fetzer | M10: 69.71 | N10: =IFERROR(M10/J10,0) -> 5.3244179 | O10: =IFERROR((N10*I10)/23,"") -> 1.7761657 | P10: Luis | Q10: Left to pick: 1-17,19,21,24-37,39,41,
A11: 46231 | B11: DVDU1CSB | C11: {=IF(B11="","",_xlfn._xlws.FILTER('Source List'!I$2:I$268,'Source List'!G$2:G$268='Row Counts'!B11," "))} -> 726 | D11: {=IF(B11="","",_xlfn._xlws.FILTER('Source List'!J$2:J$268,'Source List'!G$2:G$268='Row Counts'!B11," "))} -> 32514 | E11: =IFERROR(Table1[[#This Row],[TOTAL VINES]]-Table1[[#This Row],[VINES LEFT]],"") -> 27282 | F11: 5232 | G11: =IFERROR(D11/C11,0) -> 44.785124 | H11: =IFERROR(E11/C11,0) -> 37.578512 | I11: =Table1[[#This Row],[TOTAL ACRES]]-Table1[[#This Row],[ACRES PICKED]] -> 7.2066116 | J11: =I8-Table1[[#This Row],[ACRES LEFT]] -> 19.641873 | K11: 7 | L11: Gallo | M11: 156.16 | N11: =IFERROR(M11/J11,0) -> 7.9503619 | O11: =IFERROR((N11*I11)/23,"") -> 2.4910943 | P11: Luis | Q11: Left to pick: 36,38,40,68,70-74,76-77,79-81, row 36 is 1/2 picked, row 76 is 1/2 picked
A12: 46231 | B12: DVMA02PG | C12: {=IF(B12="","",_xlfn._xlws.FILTER('Source List'!I$2:I$268,'Source List'!G$2:G$268='Row Counts'!B12," "))} -> 908 | D12: {=IF(B12="","",_xlfn._xlws.FILTER('Source List'!J$2:J$268,'Source List'!G$2:G$268='Row Counts'!B12," "))} -> 94178 | E12: 24105 | F12: =Table1[[#This Row],[TOTAL VINES]]-Table1[[#This Row],[VINES PICKED]] -> 70073 | G12: =IFERROR(D12/C12,0) -> 103.72026 | H12: =IFERROR(E12/C12,0) -> 26.547357 | I12: =Table1[[#This Row],[TOTAL ACRES]]-Table1[[#This Row],[ACRES PICKED]] -> 77.172907 | J12: =Table1[[#This Row],[ACRES PICKED]] -> 26.547357 | K12: 6 | L12: LTW | M12: 142.24 | N12: =IFERROR(M12/J12,0) -> 5.3579722 | O12: =IFERROR((N12*I12)/23,"") -> 17.977839 | P12: Mat | Q12: picked: 215-295,298(1/2W),299-323,344,346-365,367,374-378,381,383,385,387
A13: 46231 | B13: MUMU02PG | C13: {=IF(B13="","",_xlfn._xlws.FILTER('Source List'!I$2:I$268,'Source List'!G$2:G$268='Row Counts'!B13," "))} -> 681 | D13: {=IF(B13="","",_xlfn._xlws.FILTER('Source List'!J$2:J$268,'Source List'!G$2:G$268='Row Counts'!B13," "))} -> 14141 | E13: =IFERROR(Table1[[#This Row],[TOTAL VINES]]-Table1[[#This Row],[VINES LEFT]],"") -> 14141 | F13: 0 | G13: =IFERROR(D13/C13,0) -> 20.765051 | H13: =IFERROR(E13/C13,0) -> 20.765051 | I13: =Table1[[#This Row],[TOTAL ACRES]]-Table1[[#This Row],[ACRES PICKED]] -> 0 | J13: =I10 -> 7.6725404 | K13: 1.75 | L13: Fetzer | M13: 39.56 | N13: =IFERROR(M13/J13,0) -> 5.1560498 | O13: =IFERROR((N13*I13)/23,"") -> 0 | P13: Luis | Q13: FC
A14: 46232 | B14: DVDU1CSB | C14: {=IF(B14="","",_xlfn._xlws.FILTER('Source List'!I$2:I$268,'Source List'!G$2:G$268='Row Counts'!B14," "))} -> 726 | D14: {=IF(B14="","",_xlfn._xlws.FILTER('Source List'!J$2:J$268,'Source List'!G$2:G$268='Row Counts'!B14," "))} -> 32514 | E14: =IFERROR(Table1[[#This Row],[TOTAL VINES]]-Table1[[#This Row],[VINES LEFT]],"") -> 32514 | F14: 0 | G14: =IFERROR(D14/C14,0) -> 44.785124 | H14: =IFERROR(E14/C14,0) -> 44.785124 | I14: =Table1[[#This Row],[TOTAL ACRES]]-Table1[[#This Row],[ACRES PICKED]] -> 0 | J14: =I11 -> 7.2066116 | K14: 2.25 | L14: Gallo | M14: 51.08 | N14: =IFERROR(M14/J14,0) -> 7.0879358 | O14: =IFERROR((N14*I14)/23,"") -> 0 | P14: Luis | Q14: FC
A15: 46232 | B15: DVDU02SB | C15: {=IF(B15="","",_xlfn._xlws.FILTER('Source List'!I$2:I$268,'Source List'!G$2:G$268='Row Counts'!B15," "))} -> 726 | D15: {=IF(B15="","",_xlfn._xlws.FILTER('Source List'!J$2:J$268,'Source List'!G$2:G$268='Row Counts'!B15," "))} -> 28200 | E15: =IFERROR(Table1[[#This Row],[TOTAL VINES]]-Table1[[#This Row],[VINES LEFT]],"") -> 9610 | F15: 18590 | G15: =IFERROR(D15/C15,0) -> 38.842975 | H15: =IFERROR(E15/C15,0) -> 13.236915 | I15: =Table1[[#This Row],[TOTAL ACRES]]-Table1[[#This Row],[ACRES PICKED]] -> 25.606061 | J15: =Table1[[#This Row],[ACRES PICKED]] -> 13.236915 | K15: 5.75 | L15: Gallo | M15: 131.02 | N15: =IFERROR(M15/J15,0) -> 9.898077 | O15: =IFERROR((N15*I15)/23,"") -> 11.019598 | P15: Luis | Q15: Left to pick: 1-30,31,33,40,42-47,49,52,59-67,70, | R15: 2.25 loads other 3 gondolas came out of Block 2 to fill load 3
A16: 46232 | B16: JONR02SB | C16: {=IF(B16="","",_xlfn._xlws.FILTER('Source List'!I$2:I$268,'Source List'!G$2:G$268='Row Counts'!B16," "))} -> 726 | D16: {=IF(B16="","",_xlfn._xlws.FILTER('Source List'!J$2:J$268,'Source List'!G$2:G$268='Row Counts'!B16," "))} -> 4941 | E16: =IFERROR(Table1[[#This Row],[TOTAL VINES]]-Table1[[#This Row],[VINES LEFT]],"") -> 4941 | F16: 0 | G16: =IFERROR(D16/C16,0) -> 6.8057851 | H16: =IFERROR(E16/C16,0) -> 6.8057851 | I16: =Table1[[#This Row],[TOTAL ACRES]]-Table1[[#This Row],[ACRES PICKED]] -> 0 | J16: =Table1[[#This Row],[ACRES PICKED]] -> 6.8057851 | K16: 2.5 | L16: Delicato | M16: 55.8 | N16: =IFERROR(M16/J16,0) -> 8.1989071 | O16: =IFERROR((N16*I16)/23,"") -> 0 | P16: Luis | Q16: FC
A17: 46233 | B17: DVDU02SB | C17: {=IF(B17="","",_xlfn._xlws.FILTER('Source List'!I$2:I$268,'Source List'!G$2:G$268='Row Counts'!B17," "))} -> 726 | D17: {=IF(B17="","",_xlfn._xlws.FILTER('Source List'!J$2:J$268,'Source List'!G$2:G$268='Row Counts'!B17," "))} -> 28200 | E17: =IFERROR(Table1[[#This Row],[TOTAL VINES]]-Table1[[#This Row],[VINES LEFT]],"") -> 27120 | F17: 1080 | G17: =IFERROR(D17/C17,0) -> 38.842975 | H17: =IFERROR(E17/C17,0) -> 37.355372 | I17: =Table1[[#This Row],[TOTAL ACRES]]-Table1[[#This Row],[ACRES PICKED]] -> 1.4876033 | J17: =I15-Table1[[#This Row],[ACRES LEFT]] -> 24.118457 | K17: 9 | L17: Gallo | M17: 210.79 | N17: =IFERROR(M17/J17,0) -> 8.7397796 | O17: =IFERROR((N17*I17)/23,"") -> 0.565275 | P17: Luis | Q17: Left to pick: 8,12,17,19 rows 12 and 19 halfway picked
A18: 46233 | B18: MUMU01SB | C18: {=IF(B18="","",_xlfn._xlws.FILTER('Source List'!I$2:I$268,'Source List'!G$2:G$268='Row Counts'!B18," "))} -> 605 | D18: {=IF(B18="","",_xlfn._xlws.FILTER('Source List'!J$2:J$268,'Source List'!G$2:G$268='Row Counts'!B18," "))} -> 12811 | E18: =IFERROR(Table1[[#This Row],[TOTAL VINES]]-Table1[[#This Row],[VINES LEFT]],"") -> 9035 | F18: 3776 | G18: =IFERROR(D18/C18,0) -> 21.175207 | H18: =IFERROR(E18/C18,0) -> 14.933884 | I18: =Table1[[#This Row],[TOTAL ACRES]]-Table1[[#This Row],[ACRES PICKED]] -> 6.2413223 | J18: =Table1[[#This Row],[ACRES PICKED]] -> 14.933884 | K18: 4 | L18: Fetzer | M18: 91.73 | N18: =IFERROR(M18/J18,0) -> 6.1424073 | O18: =IFERROR((N18*I18)/23,"") -> 1.6668149 | P18: Luis | Q18: Left to pick: 61,63,65-71,73-92, row 71 is 1/2 picked row 61 is 1/2 picked
A19: 46233 | B19: LFEX03VI | C19: {=IF(B19="","",_xlfn._xlws.FILTER('Source List'!I$2:I$268,'Source List'!G$2:G$268='Row Counts'!B19," "))} -> 605 | D19: {=IF(B19="","",_xlfn._xlws.FILTER('Source List'!J$2:J$268,'Source List'!G$2:G$268='Row Counts'!B19," "))} -> 9777 | E19: =IFERROR(Table1[[#This Row],[TOTAL VINES]]-Table1[[#This Row],[VINES LEFT]],"") -> 6926 | F19: =552+881+1418 -> 2851 | G19: =IFERROR(D19/C19,0) -> 16.160331 | H19: =IFERROR(E19/C19,0) -> 11.447934 | I19: =Table1[[#This Row],[TOTAL ACRES]]-Table1[[#This Row],[ACRES PICKED]] -> 4.7123967 | J19: =Table1[[#This Row],[ACRES PICKED]] -> 11.447934 | K19: 2.25 | L19: LTW-Pine | M19: 55.51 | N19: =IFERROR(M19/J19,0) -> 4.8489099 | O19: =IFERROR((N19*I19)/23,"") -> 0.9934777 | P19: Luis | Q19: Left to pick: 91-94,115-138, rows 115-138 only picked on the West side
A20: 46233 | B20: LFEX04VI | C20: {=IF(B20="","",_xlfn._xlws.FILTER('Source List'!I$2:I$268,'Source List'!G$2:G$268='Row Counts'!B20," "))} -> 778 | D20: {=IF(B20="","",_xlfn._xlws.FILTER('Source List'!J$2:J$268,'Source List'!G$2:G$268='Row Counts'!B20," "))} -> 9125 | E20: =IFERROR(Table1[[#This Row],[TOTAL VINES]]-Table1[[#This Row],[VINES LEFT]],"") -> 8663 | F20: 462 | G20: =IFERROR(D20/C20,0) -> 11.728792 | H20: =IFERROR(E20/C20,0) -> 11.134961 | I20: =Table1[[#This Row],[TOTAL ACRES]]-Table1[[#This Row],[ACRES PICKED]] -> 0.59383033 | J20: =Table1[[#This Row],[ACRES PICKED]] -> 11.134961 | K20: 1.75 | L20: LTW-Pine | M20: 45.86 | N20: =IFERROR(M20/J20,0) -> 4.1185594 | O20: =IFERROR((N20*I20)/23,"") -> 0.10633589 | P20: Luis | Q20: Left to pick: 1,52-53,
A21: 46234 | B21: DVDU02SB | C21: {=IF(B21="","",_xlfn._xlws.FILTER('Source List'!I$2:I$268,'Source List'!G$2:G$268='Row Counts'!B21," "))} -> 726 | D21: {=IF(B21="","",_xlfn._xlws.FILTER('Source List'!J$2:J$268,'Source List'!G$2:G$268='Row Counts'!B21," "))} -> 28200 | E21: =IFERROR(Table1[[#This Row],[TOTAL VINES]]-Table1[[#This Row],[VINES LEFT]],"") -> 28200 | F21: 0 | G21: =IFERROR(D21/C21,0) -> 38.842975 | H21: =IFERROR(E21/C21,0) -> 38.842975 | I21: =Table1[[#This Row],[TOTAL ACRES]]-Table1[[#This Row],[ACRES PICKED]] -> 0 | J21: =I17 -> 1.4876033 | K21: 0.5 | L21: Gallo | M21: 11.15 | N21: =IFERROR(M21/J21,0) -> 7.4952778 | O21: =IFERROR((N21*I21)/23,"") -> 0 | P21: Mat | Q21: FC
A22: 46234 | B22: WHWH01GE | C22: {=IF(B22="","",_xlfn._xlws.FILTER('Source List'!I$2:I$268,'Source List'!G$2:G$268='Row Counts'!B22," "))} -> 691 | D22: {=IF(B22="","",_xlfn._xlws.FILTER('Source List'!J$2:J$268,'Source List'!G$2:G$268='Row Counts'!B22," "))} -> 26251 | E22: 14439 | F22: =Table1[[#This Row],[TOTAL VINES]]-Table1[[#This Row],[VINES PICKED]] -> 11812 | G22: =IFERROR(D22/C22,0) -> 37.98987 | H22: =IFERROR(E22/C22,0) -> 20.895803 | I22: =Table1[[#This Row],[TOTAL ACRES]]-Table1[[#This Row],[ACRES PICKED]] -> 17.094067 | J22: =Table1[[#This Row],[ACRES PICKED]] -> 20.895803 | K22: 6.5 | L22: LTW | M22: 152.71 | N22: =IFERROR(M22/J22,0) -> 7.3081661 | O22: =IFERROR((N22*I22)/23,"") -> 5.4315773 | P22: Mat | Q22: Picked 1-79
A23: 46234 | B23: LFEX03VI | C23: {=IF(B23="","",_xlfn._xlws.FILTER('Source List'!I$2:I$268,'Source List'!G$2:G$268='Row Counts'!B23," "))} -> 605 | D23: {=IF(B23="","",_xlfn._xlws.FILTER('Source List'!J$2:J$268,'Source List'!G$2:G$268='Row Counts'!B23," "))} -> 9777 | E23: =IFERROR(Table1[[#This Row],[TOTAL VINES]]-Table1[[#This Row],[VINES LEFT]],"") -> 9777 | F23: 0 | G23: =IFERROR(D23/C23,0) -> 16.160331 | H23: =IFERROR(E23/C23,0) -> 16.160331 | I23: =Table1[[#This Row],[TOTAL ACRES]]-Table1[[#This Row],[ACRES PICKED]] -> 0 | J23: =I19 -> 4.7123967 | L23: LTW-Pine | M23: 12.69 | N23: =IFERROR(M23/J23,0) -> 2.6928972 | O23: =IFERROR((N23*I23)/23,"") -> 0 | P23: Luis | Q23: FC
A24: 46234 | B24: LFEX04VI | C24: {=IF(B24="","",_xlfn._xlws.FILTER('Source List'!I$2:I$268,'Source List'!G$2:G$268='Row Counts'!B24," "))} -> 778 | D24: {=IF(B24="","",_xlfn._xlws.FILTER('Source List'!J$2:J$268,'Source List'!G$2:G$268='Row Counts'!B24," "))} -> 9125 | E24: =IFERROR(Table1[[#This Row],[TOTAL VINES]]-Table1[[#This Row],[VINES LEFT]],"") -> 9125 | F24: 0 | G24: =IFERROR(D24/C24,0) -> 11.728792 | H24: =IFERROR(E24/C24,0) -> 11.728792 | I24: =Table1[[#This Row],[TOTAL ACRES]]-Table1[[#This Row],[ACRES PICKED]] -> 0 | J24: =I20 -> 0.59383033 | L24: LTW-Pine | M24: 4.23 | N24: =IFERROR(M24/J24,0) -> 7.1232468 | O24: =IFERROR((N24*I24)/23,"") -> 0 | P24: Luis | Q24: FC
A25: 46234 | B25: SLHM04SB | C25: {=IF(B25="","",_xlfn._xlws.FILTER('Source List'!I$2:I$268,'Source List'!G$2:G$268='Row Counts'!B25," "))} -> 622 | D25: {=IF(B25="","",_xlfn._xlws.FILTER('Source List'!J$2:J$268,'Source List'!G$2:G$268='Row Counts'!B25," "))} -> 21904 | E25: =IFERROR(Table1[[#This Row],[TOTAL VINES]]-Table1[[#This Row],[VINES LEFT]],"") -> 14787 | F25: =5467+1650 -> 7117 | G25: =IFERROR(D25/C25,0) -> 35.215434 | H25: =IFERROR(E25/C25,0) -> 23.773312 | I25: =Table1[[#This Row],[TOTAL ACRES]]-Table1[[#This Row],[ACRES PICKED]] -> 11.442122 | J25: =Table1[[#This Row],[ACRES PICKED]] -> 23.773312 | K25: 6 | L25: LTW | M25: 140.55 | N25: =IFERROR(M25/J25,0) -> 5.9120917 | O25: =IFERROR((N25*I25)/23,"") -> 2.9411685 | P25: Luis | Q25: East left to pick: 43-45,48-55,58-78,West left to pick: 41-72,83
A26: 46234 | B26: MUMU01SB | C26: {=IF(B26="","",_xlfn._xlws.FILTER('Source List'!I$2:I$268,'Source List'!G$2:G$268='Row Counts'!B26," "))} -> 605 | D26: {=IF(B26="","",_xlfn._xlws.FILTER('Source List'!J$2:J$268,'Source List'!G$2:G$268='Row Counts'!B26," "))} -> 12811 | E26: =IFERROR(Table1[[#This Row],[TOTAL VINES]]-Table1[[#This Row],[VINES LEFT]],"") -> 12811 | F26: 0 | G26: =IFERROR(D26/C26,0) -> 21.175207 | H26: =IFERROR(E26/C26,0) -> 21.175207 | I26: =Table1[[#This Row],[TOTAL ACRES]]-Table1[[#This Row],[ACRES PICKED]] -> 0 | J26: =I18 -> 6.2413223 | K26: 1.75 | L26: Fetzer | M26: 34.51 | N26: =IFERROR(M26/J26,0) -> 5.529277 | O26: =IFERROR((N26*I26)/23,"") -> 0 | P26: Luis | Q26: FC
A27: 46234 | B27: LFDA02PG | C27: {=IF(B27="","",_xlfn._xlws.FILTER('Source List'!I$2:I$268,'Source List'!G$2:G$268='Row Counts'!B27," "))} -> 908 | D27: {=IF(B27="","",_xlfn._xlws.FILTER('Source List'!J$2:J$268,'Source List'!G$2:G$268='Row Counts'!B27," "))} -> 8809 | E27: =IFERROR(Table1[[#This Row],[TOTAL VINES]]-Table1[[#This Row],[VINES LEFT]],"") -> 8809 | F27: 0 | G27: =IFERROR(D27/C27,0) -> 9.7015419 | H27: =IFERROR(E27/C27,0) -> 9.7015419 | I27: =Table1[[#This Row],[TOTAL ACRES]]-Table1[[#This Row],[ACRES PICKED]] -> 0 | J27: =Table1[[#This Row],[ACRES PICKED]] -> 9.7015419 | K27: 2.25 | L27: LTW | M27: 51.04 | N27: =IFERROR(M27/J27,0) -> 5.2610194 | O27: =IFERROR((N27*I27)/23,"") -> 0 | P27: Luis | Q27: FC
A28: 46237 | B28: DVMA02PG | C28: {=IF(B28="","",_xlfn._xlws.FILTER('Source List'!I$2:I$268,'Source List'!G$2:G$268='Row Counts'!B28," "))} -> 908 | D28: {=IF(B28="","",_xlfn._xlws.FILTER('Source List'!J$2:J$268,'Source List'!G$2:G$268='Row Counts'!B28," "))} -> 94178 | E28: =IFERROR(Table1[[#This Row],[TOTAL VINES]]-Table1[[#This Row],[VINES LEFT]],"") -> 50507 | F28: 43671 | G28: =IFERROR(D28/C28,0) -> 103.72026 | H28: =IFERROR(E28/C28,0) -> 55.624449 | I28: =Table1[[#This Row],[TOTAL ACRES]]-Table1[[#This Row],[ACRES PICKED]] -> 48.095815 | J28: =I12-Table1[[#This Row],[ACRES LEFT]] -> 29.077093 | K28: 7 | L28: Delicato | M28: 167.38 | N28: =IFERROR(M28/J28,0) -> 5.7564215 | O28: =IFERROR((N28*I28)/23,"") -> 12.037382 | P28: Leonardo | Q28: left to pick: 42,44-170,172,386,388,390-466,468,470 | R28: May have some half rows that are actually picked in there
A29: 46237 | B29: SLHM04SB | C29: {=IF(B29="","",_xlfn._xlws.FILTER('Source List'!I$2:I$268,'Source List'!G$2:G$268='Row Counts'!B29," "))} -> 622 | D29: {=IF(B29="","",_xlfn._xlws.FILTER('Source List'!J$2:J$268,'Source List'!G$2:G$268='Row Counts'!B29," "))} -> 21904 | E29: =IFERROR(Table1[[#This Row],[TOTAL VINES]]-Table1[[#This Row],[VINES LEFT]],"") -> 21904 | F29: 0 | G29: =IFERROR(D29/C29,0) -> 35.215434 | H29: =IFERROR(E29/C29,0) -> 35.215434 | I29: =Table1[[#This Row],[TOTAL ACRES]]-Table1[[#This Row],[ACRES PICKED]] -> 0 | J29: =I25 -> 11.442122 | K29: 2.75 | L29: LTW | M29: 65.29 | N29: =IFERROR(M29/J29,0) -> 5.7061093 | O29: =IFERROR((N29*I29)/23,"") -> 0 | P29: Mat | Q29: FC
A30: 46237 | B30: SLHM02VI | C30: {=IF(B30="","",_xlfn._xlws.FILTER('Source List'!I$2:I$268,'Source List'!G$2:G$268='Row Counts'!B30," "))} -> 605 | D30: {=IF(B30="","",_xlfn._xlws.FILTER('Source List'!J$2:J$268,'Source List'!G$2:G$268='Row Counts'!B30," "))} -> 11526 | E30: =IFERROR(Table1[[#This Row],[TOTAL VINES]]-Table1[[#This Row],[VINES LEFT]],"") -> 11526 | F30: 0 | G30: =IFERROR(D30/C30,0) -> 19.05124 | H30: =IFERROR(E30/C30,0) -> 19.05124 | I30: =Table1[[#This Row],[TOTAL ACRES]]-Table1[[#This Row],[ACRES PICKED]] -> 0 | J30: =Table1[[#This Row],[ACRES PICKED]] -> 19.05124 | K30: 4 | L30: LTW | M30: 93.64 | N30: =IFERROR(M30/J30,0) -> 4.9151657 | O30: =IFERROR((N30*I30)/23,"") -> 0 | P30: Mat | Q30: FC
A31: 46237 | B31: MFRN03PG | C31: {=IF(B31="","",_xlfn._xlws.FILTER('Source List'!I$2:I$268,'Source List'!G$2:G$268='Row Counts'!B31," "))} -> 807 | D31: {=IF(B31="","",_xlfn._xlws.FILTER('Source List'!J$2:J$268,'Source List'!G$2:G$268='Row Counts'!B31," "))} -> 36108 | E31: =IFERROR(Table1[[#This Row],[TOTAL VINES]]-Table1[[#This Row],[VINES LEFT]],"") -> 14077 | F31: 22031 | G31: =IFERROR(D31/C31,0) -> 44.743494 | H31: =IFERROR(E31/C31,0) -> 17.443618 | I31: =Table1[[#This Row],[TOTAL ACRES]]-Table1[[#This Row],[ACRES PICKED]] -> 27.299876 | J31: =Table1[[#This Row],[ACRES PICKED]] -> 17.443618 | K31: 6 | L31: Gallo | M31: 143.86 | N31: =IFERROR(M31/J31,0) -> 8.2471421 | O31: =IFERROR((N31*I31)/23,"") -> 9.7889547 | P31: Luis | Q31: Left to pick: 32,34-124,126,147-148,150, rows 35,147 half picked
A32: 46238 | B32: DVMA01PN | C32: {=IF(B32="","",_xlfn._xlws.FILTER('Source List'!I$2:I$268,'Source List'!G$2:G$268='Row Counts'!B32," "))} -> 691 | D32: {=IF(B32="","",_xlfn._xlws.FILTER('Source List'!J$2:J$268,'Source List'!G$2:G$268='Row Counts'!B32," "))} -> 30586 | E32: 5676 | F32: =Table1[[#This Row],[TOTAL VINES]]-E32 -> 24910 | G32: =IFERROR(D32/C32,0) -> 44.263386 | H32: =IFERROR(E32/C32,0) -> 8.2141823 | I32: =Table1[[#This Row],[TOTAL ACRES]]-Table1[[#This Row],[ACRES PICKED]] -> 36.049204 | J32: =Table1[[#This Row],[ACRES PICKED]] -> 8.2141823 | K32: 3 | L32: LTW | M32: 70.09 | N32: =IFERROR(M32/J32,0) -> 8.532803 | O32: =IFERROR((N32*I32)/23,"") -> 13.373946 | P32: Luis | Q32: EAST left to pick 55-50,48,36,34-33,31-30,28,5,1, Row 30 is 3/4 picked
A33: 46238 | B33: DVMA02PG | C33: {=IF(B33="","",_xlfn._xlws.FILTER('Source List'!I$2:I$268,'Source List'!G$2:G$268='Row Counts'!B33," "))} -> 908 | D33: {=IF(B33="","",_xlfn._xlws.FILTER('Source List'!J$2:J$268,'Source List'!G$2:G$268='Row Counts'!B33," "))} -> 94178 | E33: =IFERROR(Table1[[#This Row],[TOTAL VINES]]-Table1[[#This Row],[VINES LEFT]],"") -> 63517 | F33: 30661 | G33: =IFERROR(D33/C33,0) -> 103.72026 | H33: =IFERROR(E33/C33,0) -> 69.952643 | I33: =Table1[[#This Row],[TOTAL ACRES]]-Table1[[#This Row],[ACRES PICKED]] -> 33.767621 | J33: =I28-Table1[[#This Row],[ACRES LEFT]] -> 14.328194 | K33: 4 | L33: Delicato | M33: 93.58 | N33: =IFERROR(M33/J33,0) -> 6.5311791 | O33: =IFERROR((N33*I33)/23,"") -> 9.5887992 | P33: Leonardo | Q33: Left to pick: 60,62,64,65(1/2),66-146,148,386,388,390-448,450
A34: 46238 | B34: PRHZ02PN | C34: {=IF(B34="","",_xlfn._xlws.FILTER('Source List'!I$2:I$268,'Source List'!G$2:G$268='Row Counts'!B34," "))} -> 691 | D34: {=IF(B34="","",_xlfn._xlws.FILTER('Source List'!J$2:J$268,'Source List'!G$2:G$268='Row Counts'!B34," "))} -> 4869 | E34: =IFERROR(Table1[[#This Row],[TOTAL VINES]]-Table1[[#This Row],[VINES LEFT]],"") -> 4869 | F34: 0 | G34: =IFERROR(D34/C34,0) -> 7.0463097 | H34: =IFERROR(E34/C34,0) -> 7.0463097 | I34: =Table1[[#This Row],[TOTAL ACRES]]-Table1[[#This Row],[ACRES PICKED]] -> 0 | J34: =Table1[[#This Row],[ACRES PICKED]] -> 7.0463097 | K34: 1 | L34: LTW-KOSHER | M34: 37.35 | N34: =IFERROR(M34/J34,0) -> 5.300647 | O34: =IFERROR((N34*I34)/23,"") -> 0 | P34: Mat | Q34: FC - 1 hand pick load and 2.5 gondolas
A35: 46238 | B35: PRHZ03PN | C35: {=IF(B35="","",_xlfn._xlws.FILTER('Source List'!I$2:I$268,'Source List'!G$2:G$268='Row Counts'!B35," "))} -> 691 | D35: {=IF(B35="","",_xlfn._xlws.FILTER('Source List'!J$2:J$268,'Source List'!G$2:G$268='Row Counts'!B35," "))} -> 4876 | E35: =IFERROR(Table1[[#This Row],[TOTAL VINES]]-Table1[[#This Row],[VINES LEFT]],"") -> 2476 | F35: 2400 | G35: =IFERROR(D35/C35,0) -> 7.0564399 | H35: =IFERROR(E35/C35,0) -> 3.5832127 | I35: =Table1[[#This Row],[TOTAL ACRES]]-Table1[[#This Row],[ACRES PICKED]] -> 3.4732272 | J35: =Table1[[#This Row],[ACRES PICKED]] -> 3.5832127 | K35: 1.5 | L35: LTW-KOSHER | M35: 16.27 | N35: =IFERROR(M35/J35,0) -> 4.5406179 | O35: =IFERROR((N35*I35)/23,"") -> 0.68567816 | P35: Mat | Q35: Left to pick: 76-105 3.25 gondolas | 1 hand load and 1.5 machine loads
A36: 46238 | B36: WHWH01GE | C36: {=IF(B36="","",_xlfn._xlws.FILTER('Source List'!I$2:I$268,'Source List'!G$2:G$268='Row Counts'!B36," "))} -> 691 | D36: {=IF(B36="","",_xlfn._xlws.FILTER('Source List'!J$2:J$268,'Source List'!G$2:G$268='Row Counts'!B36," "))} -> 26251 | E36: =IFERROR(Table1[[#This Row],[TOTAL VINES]]-Table1[[#This Row],[VINES LEFT]],"") -> 26251 | F36: 0 | G36: =IFERROR(D36/C36,0) -> 37.98987 | H36: =IFERROR(E36/C36,0) -> 37.98987 | I36: =Table1[[#This Row],[TOTAL ACRES]]-Table1[[#This Row],[ACRES PICKED]] -> 0 | J36: =I22 -> 17.094067 | K36: 3.25 | L36: TWG-WDBG | M36: 77.77 | N36: =IFERROR(M36/J36,0) -> 4.5495318 | O36: =IFERROR((N36*I36)/23,"") -> 0 | P36: Luis | Q36: FC
A37: 46238 | B37: LFBT02SB | C37: {=IF(B37="","",_xlfn._xlws.FILTER('Source List'!I$2:I$268,'Source List'!G$2:G$268='Row Counts'!B37," "))} -> 726 | D37: {=IF(B37="","",_xlfn._xlws.FILTER('Source List'!J$2:J$268,'Source List'!G$2:G$268='Row Counts'!B37," "))} -> 27203 | E37: =Table1[[#This Row],[TOTAL VINES]]-Table1[[#This Row],[VINES LEFT]] -> 20338 | F37: 6865 | G37: =IFERROR(D37/C37,0) -> 37.469697 | H37: =IFERROR(E37/C37,0) -> 28.013774 | I37: =Table1[[#This Row],[TOTAL ACRES]]-Table1[[#This Row],[ACRES PICKED]] -> 9.4559229 | J37: =Table1[[#This Row],[ACRES PICKED]] -> 28.013774 | K37: 8 | L37: LTW | M37: 191.92 | N37: 3 | O37: =IFERROR((N37*I37)/23,"") -> 1.2333812 | P37: Kyle | Q37: left to pick: 66(1/2 east), 70-74, 91, 93, 94(1/2 W), 95-99, 114, 118-159
A38: 46238 | B38: MFRN03PG | C38: {=IF(B38="","",_xlfn._xlws.FILTER('Source List'!I$2:I$268,'Source List'!G$2:G$268='Row Counts'!B38," "))} -> 807 | D38: {=IF(B38="","",_xlfn._xlws.FILTER('Source List'!J$2:J$268,'Source List'!G$2:G$268='Row Counts'!B38," "))} -> 36108 | E38: =IFERROR(Table1[[#This Row],[TOTAL VINES]]-Table1[[#This Row],[VINES LEFT]],"") -> 30971 | F38: 5137 | G38: =IFERROR(D38/C38,0) -> 44.743494 | H38: =IFERROR(E38/C38,0) -> 38.377943 | I38: =Table1[[#This Row],[TOTAL ACRES]]-Table1[[#This Row],[ACRES PICKED]] -> 6.3655514 | J38: =I31-Table1[[#This Row],[ACRES LEFT]] -> 20.934325 | K38: 7 | L38: Gallo | M38: 167.74 | N38: =IFERROR(M38/J38,0) -> 8.0126779 | O38: =IFERROR((N38*I38)/23,"") -> 2.2176136 | P38: Abel | Q38: left to pick: 65,67,68(1/2),69-86,89,91(1/2)
A39: 46239 | B39: DVMA02PG | C39: {=IF(B39="","",_xlfn._xlws.FILTER('Source List'!I$2:I$268,'Source List'!G$2:G$268='Row Counts'!B39," "))} -> 908 | D39: {=IF(B39="","",_xlfn._xlws.FILTER('Source List'!J$2:J$268,'Source List'!G$2:G$268='Row Counts'!B39," "))} -> 94178 | E39: =IFERROR(Table1[[#This Row],[TOTAL VINES]]-Table1[[#This Row],[VINES LEFT]],"") -> 87308 | F39: 6870 | G39: =IFERROR(D39/C39,0) -> 103.72026 | H39: =IFERROR(E39/C39,0) -> 96.154185 | I39: =Table1[[#This Row],[TOTAL ACRES]]-Table1[[#This Row],[ACRES PICKED]] -> 7.5660793 | J39: =I33-Table1[[#This Row],[ACRES LEFT]] -> 26.201542 | K39: 7 | L39: Delicato | M39: 163.02 | N39: =IFERROR(M39/J39,0) -> 6.2217713 | O39: =IFERROR((N39*I39)/23,"") -> 2.0467137 | P39: Luis | Q39: Left to pick: 102-107,109,111,386,388,390-413,415, row 102 (54 unpicked) row 412 (51 unpicked)
A40: 46239 | B40: MFRN03PG | C40: {=IF(B40="","",_xlfn._xlws.FILTER('Source List'!I$2:I$268,'Source List'!G$2:G$268='Row Counts'!B40," "))} -> 807 | D40: {=IF(B40="","",_xlfn._xlws.FILTER('Source List'!J$2:J$268,'Source List'!G$2:G$268='Row Counts'!B40," "))} -> 36108 | E40: =IFERROR(Table1[[#This Row],[TOTAL VINES]]-Table1[[#This Row],[VINES LEFT]],"") -> 36108 | F40: 0 | G40: =IFERROR(D40/C40,0) -> 44.743494 | H40: =IFERROR(E40/C40,0) -> 44.743494 | I40: =Table1[[#This Row],[TOTAL ACRES]]-Table1[[#This Row],[ACRES PICKED]] -> 0 | J40: =I38 -> 6.3655514 | K40: 2.5 | L40: Gallo | M40: 57.08 | N40: =IFERROR(M40/J40,0) -> 8.9670158 | O40: =IFERROR((N40*I40)/23,"") -> 0 | P40: Luis | Q40: FC
A41: 46239 | B41: PRHZ03PN | C41: {=IF(B41="","",_xlfn._xlws.FILTER('Source List'!I$2:I$268,'Source List'!G$2:G$268='Row Counts'!B41," "))} -> 691 | D41: {=IF(B41="","",_xlfn._xlws.FILTER('Source List'!J$2:J$268,'Source List'!G$2:G$268='Row Counts'!B41," "))} -> 4876 | E41: =IFERROR(Table1[[#This Row],[TOTAL VINES]]-Table1[[#This Row],[VINES LEFT]],"") | F41: =Table1[[#This Row],[TOTAL VINES]]-Table1[[#This Row],[VINES PICKED]] -> 0 | G41: =IFERROR(D41/C41,0) -> 7.0564399 | H41: =IFERROR(E41/C41,0) -> 0 | I41: =Table1[[#This Row],[TOTAL ACRES]]-Table1[[#This Row],[ACRES PICKED]] -> 0 | J41: =Table1[[#This Row],[ACRES PICKED]] -> 0 | K41: 0.75 | L41: LTW-KOSHER | M41: 16.13 | N41: =IFERROR(M41/J41,0) -> 0 | O41: =IFERROR((N41*I41)/23,"") | P41: Luis | Q41: FC
A42: 46239 | B42: DVDU07MC | C42: {=IF(B42="","",_xlfn._xlws.FILTER('Source List'!I$2:I$268,'Source List'!G$2:G$268='Row Counts'!B42," "))} -> 545 | D42: {=IF(B42="","",_xlfn._xlws.FILTER('Source List'!J$2:J$268,'Source List'!G$2:G$268='Row Counts'!B42," "))} -> 15354 | E42: 5401 | F42: =Table1[[#This Row],[TOTAL VINES]]-Table1[[#This Row],[VINES PICKED]] -> 9953 | G42: =IFERROR(D42/C42,0) -> 28.172477 | H42: =IFERROR(E42/C42,0) -> 9.9100917 | I42: =Table1[[#This Row],[TOTAL ACRES]]-Table1[[#This Row],[ACRES PICKED]] -> 18.262385 | J42: =Table1[[#This Row],[ACRES PICKED]] -> 9.9100917 | K42: 2 | L42: LTW | M42: 49.04 | N42: =IFERROR(M42/J42,0) -> 4.948491 | O42: =IFERROR((N42*I42)/23,"") -> 3.9291848 | P42: Luis | Q42: Picked: 20-38 (rows 35-38 half picked) 1-4 half picked
A43: 46239 | B43: MFLO01PG | C43: {=IF(B43="","",_xlfn._xlws.FILTER('Source List'!I$2:I$268,'Source List'!G$2:G$268='Row Counts'!B43," "))} -> 908 | D43: {=IF(B43="","",_xlfn._xlws.FILTER('Source List'!J$2:J$268,'Source List'!G$2:G$268='Row Counts'!B43," "))} -> 37921 | E43: 17377 | F43: =Table1[[#This Row],[TOTAL VINES]]-Table1[[#This Row],[VINES PICKED]] -> 20544 | G43: =IFERROR(D43/C43,0) -> 41.763216 | H43: =IFERROR(E43/C43,0) -> 19.137665 | I43: =Table1[[#This Row],[TOTAL ACRES]]-Table1[[#This Row],[ACRES PICKED]] -> 22.625551 | J43: =Table1[[#This Row],[ACRES PICKED]] -> 19.137665 | K43: 4.5 | L43: Sutter Home - St Helena | M43: 98.31 | N43: =IFERROR(M43/J43,0) -> 5.1369903 | O43: =IFERROR((N43*I43)/23,"") -> 5.053358 | P43: Mat | Q43: picked: 123-213
A44: 46239 | B44: DBAI03ZN | C44: {=IF(B44="","",_xlfn._xlws.FILTER('Source List'!I$2:I$268,'Source List'!G$2:G$268='Row Counts'!B44," "))} -> 622 | D44: {=IF(B44="","",_xlfn._xlws.FILTER('Source List'!J$2:J$268,'Source List'!G$2:G$268='Row Counts'!B44," "))} -> 5633 | E44: =IFERROR(Table1[[#This Row],[TOTAL VINES]]-Table1[[#This Row],[VINES LEFT]],"") -> 5633 | F44: 0 | G44: =IFERROR(D44/C44,0) -> 9.0562701 | H44: =IFERROR(E44/C44,0) -> 9.0562701 | I44: =Table1[[#This Row],[TOTAL ACRES]]-Table1[[#This Row],[ACRES PICKED]] -> 0 | J44: =I5 -> 4.829582 | K44: 1 | L44: LTW | M44: 21.75 | N44: =IFERROR(M44/J44,0) -> 4.5034953 | O44: =IFERROR((N44*I44)/23,"") -> 0 | P44: Mat | Q44: FC
A45: 46239 | B45: LFRT02PR | C45: {=IF(B45="","",_xlfn._xlws.FILTER('Source List'!I$2:I$268,'Source List'!G$2:G$268='Row Counts'!B45," "))} -> 691 | D45: {=IF(B45="","",_xlfn._xlws.FILTER('Source List'!J$2:J$268,'Source List'!G$2:G$268='Row Counts'!B45," "))} -> 18780 | E45: 8609 | F45: =Table1[[#This Row],[TOTAL VINES]]-Table1[[#This Row],[VINES PICKED]] -> 10171 | G45: =IFERROR(D45/C45,0) -> 27.178003 | H45: =IFERROR(E45/C45,0) -> 12.458755 | I45: =Table1[[#This Row],[TOTAL ACRES]]-Table1[[#This Row],[ACRES PICKED]] -> 14.719247 | J45: =Table1[[#This Row],[ACRES PICKED]] -> 12.458755 | K45: 4 | L45: LTW | M45: 95.32 | N45: =IFERROR(M45/J45,0) -> 7.6508445 | O45: =IFERROR((N45*I45)/23,"") -> 4.8962901 | P45: Mat | Q45: picked All of West block. East block: 1-22,24,26,30,32-50
A46: 46239 | B46: LFBT02SB | C46: {=IF(B46="","",_xlfn._xlws.FILTER('Source List'!I$2:I$268,'Source List'!G$2:G$268='Row Counts'!B46," "))} -> 726 | D46: {=IF(B46="","",_xlfn._xlws.FILTER('Source List'!J$2:J$268,'Source List'!G$2:G$268='Row Counts'!B46," "))} -> 27203 | E46: =IFERROR(Table1[[#This Row],[TOTAL VINES]]-Table1[[#This Row],[VINES LEFT]],"") -> 27203 | F46: 0 | G46: =IFERROR(D46/C46,0) -> 37.469697 | H46: =IFERROR(E46/C46,0) -> 37.469697 | I46: =Table1[[#This Row],[TOTAL ACRES]]-Table1[[#This Row],[ACRES PICKED]] -> 0 | J46: =I37 -> 9.4559229 | K46: 2.5 | L46: LTW | M46: 61.81 | N46: =IFERROR(M46/J46,0) -> 6.5366438 | O46: =IFERROR((N46*I46)/23,"") -> 0 | P46: Mat | Q46: FC
A47: 46240 | B47: LFBT01CH | C47: {=IF(B47="","",_xlfn._xlws.FILTER('Source List'!I$2:I$268,'Source List'!G$2:G$268='Row Counts'!B47," "))} -> 807 | D47: {=IF(B47="","",_xlfn._xlws.FILTER('Source List'!J$2:J$268,'Source List'!G$2:G$268='Row Counts'!B47," "))} -> 30338 | E47: =IFERROR(Table1[[#This Row],[TOTAL VINES]]-Table1[[#This Row],[VINES LEFT]],"") -> 30338 | F47: 0 | G47: =IFERROR(D47/C47,0) -> 37.593556 | H47: =IFERROR(E47/C47,0) -> 37.593556 | I47: =Table1[[#This Row],[TOTAL ACRES]]-Table1[[#This Row],[ACRES PICKED]] -> 0 | J47: =Table1[[#This Row],[ACRES PICKED]] -> 37.593556 | K47: 8 | L47: LTW | M47: 193.49 | N47: =IFERROR(M47/J47,0) -> 5.1468927 | O47: =IFERROR((N47*I47)/23,"") -> 0 | P47: Mat | Q47: FC
A48: 46240 | B48: MJMJ02PG | C48: 691 | D48: =SUM(D49:D50) -> 45595 | E48: 18487 | F48: =Table1[[#This Row],[TOTAL VINES]]-Table1[[#This Row],[VINES PICKED]] -> 27108 | G48: =IFERROR(D48/C48,0) -> 65.984081 | H48: =IFERROR(E48/C48,0) -> 26.75398 | I48: =Table1[[#This Row],[TOTAL ACRES]]-Table1[[#This Row],[ACRES PICKED]] -> 39.230101 | J48: =Table1[[#This Row],[ACRES PICKED]] -> 26.75398 | K48: 7 | L48: LTW | M48: 164.93 | N48: =IFERROR(M48/J48,0) -> 6.1646903 | O48: =IFERROR((N48*I48)/23,"") -> 10.514845 | P48: Mat | Q48: Picked: 1-85,87-93,95
A49: 46240 | B49: MJMJ02PG-old | C49: {=IF(B49="","",_xlfn._xlws.FILTER('Source List'!I$2:I$268,'Source List'!G$2:G$268='Row Counts'!B49," "))} -> 691 | D49: {=IF(B49="","",_xlfn._xlws.FILTER('Source List'!J$2:J$268,'Source List'!G$2:G$268='Row Counts'!B49," "))} -> 30372 | E49: =IFERROR(Table1[[#This Row],[TOTAL VINES]]-Table1[[#This Row],[VINES LEFT]],"") | F49: =Table1[[#This Row],[TOTAL VINES]]-Table1[[#This Row],[VINES PICKED]] -> 0 | G49: =IFERROR(D49/C49,0) -> 43.95369 | H49: =IFERROR(E49/C49,0) -> 0 | I49: =Table1[[#This Row],[TOTAL ACRES]]-Table1[[#This Row],[ACRES PICKED]] -> 0 | J49: =Table1[[#This Row],[ACRES PICKED]] -> 0 | L49: LTW | M49: =Table1[[#This Row],[LOADS]]*24 -> 0 | N49: =IFERROR(M49/J49,0) -> 0 | O49: =IFERROR((N49*I49)/23,"")
A50: 46240 | B50: MJMJ02PG-retrain | C50: {=IF(B50="","",_xlfn._xlws.FILTER('Source List'!I$2:I$268,'Source List'!G$2:G$268='Row Counts'!B50," "))} -> 691 | D50: {=IF(B50="","",_xlfn._xlws.FILTER('Source List'!J$2:J$268,'Source List'!G$2:G$268='Row Counts'!B50," "))} -> 15223 | E50: =IFERROR(Table1[[#This Row],[TOTAL VINES]]-Table1[[#This Row],[VINES LEFT]],"") -> 15223 | F50: 0 | G50: =IFERROR(D50/C50,0) -> 22.030391 | H50: =IFERROR(E50/C50,0) -> 22.030391 | I50: =Table1[[#This Row],[TOTAL ACRES]]-Table1[[#This Row],[ACRES PICKED]] -> 0 | J50: =Table1[[#This Row],[ACRES PICKED]] -> 22.030391 | L50: LTW | M50: =Table1[[#This Row],[LOADS]]*24 -> 0 | N50: =IFERROR(M50/J50,0) -> 0 | O50: =IFERROR((N50*I50)/23,"") -> 0
A51: 46240 | B51: DVMA01PN | C51: {=IF(B51="","",_xlfn._xlws.FILTER('Source List'!I$2:I$268,'Source List'!G$2:G$268='Row Counts'!B51," "))} -> 691 | D51: {=IF(B51="","",_xlfn._xlws.FILTER('Source List'!J$2:J$268,'Source List'!G$2:G$268='Row Counts'!B51," "))} -> 30586 | E51: =IFERROR(Table1[[#This Row],[TOTAL VINES]]-Table1[[#This Row],[VINES LEFT]],"") -> 18376 | F51: =10037+2173 -> 12210 | G51: =IFERROR(D51/C51,0) -> 44.263386 | H51: =IFERROR(E51/C51,0) -> 26.593343 | I51: =Table1[[#This Row],[TOTAL ACRES]]-Table1[[#This Row],[ACRES PICKED]] -> 17.670043 | J51: =I32-Table1[[#This Row],[ACRES LEFT]] -> 18.379161 | K51: 5.5 | L51: LTW | M51: 125.73 | N51: =IFERROR(M51/J51,0) -> 6.8409 | O51: =IFERROR((N51*I51)/23,"") -> 5.2556087 | P51: Mat | Q51: West unpicked: 14-17,33,50,52-54-63,67-101, row 53 and 69 are 3/4 picked
A52: 46240 | B52: MFRN02PN | C52: {=IF(B52="","",_xlfn._xlws.FILTER('Source List'!I$2:I$268,'Source List'!G$2:G$268='Row Counts'!B52," "))} -> 807 | D52: {=IF(B52="","",_xlfn._xlws.FILTER('Source List'!J$2:J$268,'Source List'!G$2:G$268='Row Counts'!B52," "))} -> 36610 | E52: 17447 | F52: =Table1[[#This Row],[TOTAL VINES]]-Table1[[#This Row],[VINES PICKED]] -> 19163 | G52: =IFERROR(D52/C52,0) -> 45.365551 | H52: =IFERROR(E52/C52,0) -> 21.619579 | I52: =Table1[[#This Row],[TOTAL ACRES]]-Table1[[#This Row],[ACRES PICKED]] -> 23.745973 | J52: =Table1[[#This Row],[ACRES PICKED]] -> 21.619579 | K52: 7 | L52: LTW | M52: 167.2 | N52: =IFERROR(M52/J52,0) -> 7.7337307 | O52: =IFERROR((N52*I52)/23,"") -> 7.9845634 | P52: Mat | Q52: Picked: 71-95,97,99-124,126-142,144,146,147,150
A53: 46240 | B53: DVMA02PG | C53: {=IF(B53="","",_xlfn._xlws.FILTER('Source List'!I$2:I$268,'Source List'!G$2:G$268='Row Counts'!B53," "))} -> 908 | D53: {=IF(B53="","",_xlfn._xlws.FILTER('Source List'!J$2:J$268,'Source List'!G$2:G$268='Row Counts'!B53," "))} -> 94178 | E53: =IFERROR(Table1[[#This Row],[TOTAL VINES]]-Table1[[#This Row],[VINES LEFT]],"") -> 94178 | F53: 0 | G53: =IFERROR(D53/C53,0) -> 103.72026 | H53: =IFERROR(E53/C53,0) -> 103.72026 | I53: =Table1[[#This Row],[TOTAL ACRES]]-Table1[[#This Row],[ACRES PICKED]] -> 0 | J53: =Table1[[#This Row],[ACRES PICKED]] -> 103.72026 | K53: 2 | L53: Delicato | M53: 47.12 | N53: =IFERROR(M53/J53,0) -> 0.45429888 | O53: =IFERROR((N53*I53)/23,"") -> 0 | P53: Mat | Q53: FC
A54: 46240 | B54: MFLO01PG | C54: {=IF(B54="","",_xlfn._xlws.FILTER('Source List'!I$2:I$268,'Source List'!G$2:G$268='Row Counts'!B54," "))} -> 908 | D54: {=IF(B54="","",_xlfn._xlws.FILTER('Source List'!J$2:J$268,'Source List'!G$2:G$268='Row Counts'!B54," "))} -> 37921 | E54: =Table1[[#This Row],[TOTAL VINES]]-F54 -> 30132 | F54: 7789 | G54: =IFERROR(D54/C54,0) -> 41.763216 | H54: =IFERROR(E54/C54,0) -> 33.185022 | I54: =Table1[[#This Row],[TOTAL ACRES]]-Table1[[#This Row],[ACRES PICKED]] -> 8.5781938 | J54: =I43-Table1[[#This Row],[ACRES LEFT]] -> 14.047357 | K54: 4 | L54: Gallo-J Winery | M54: 92.11 | N54: =IFERROR(M54/J54,0) -> 6.5571054 | O54: =IFERROR((N54*I54)/23,"") -> 2.4455705 | Q54: left to pick rows 90-122 plus 1068 vines in rows 70-89.
A55: 46240 | B55: JONR01CH | C55: {=IF(B55="","",_xlfn._xlws.FILTER('Source List'!I$2:I$268,'Source List'!G$2:G$268='Row Counts'!B55," "))} -> 605 | D55: {=IF(B55="","",_xlfn._xlws.FILTER('Source List'!J$2:J$268,'Source List'!G$2:G$268='Row Counts'!B55," "))} -> 22654 | E55: =IFERROR(Table1[[#This Row],[TOTAL VINES]]-Table1[[#This Row],[VINES LEFT]],"") | F55: =Table1[[#This Row],[TOTAL VINES]]-Table1[[#This Row],[VINES PICKED]] -> 0 | G55: =IFERROR(D55/C55,0) -> 37.444628 | H55: =IFERROR(E55/C55,0) -> 0 | I55: =Table1[[#This Row],[TOTAL ACRES]]-Table1[[#This Row],[ACRES PICKED]] -> 0 | J55: =Table1[[#This Row],[ACRES PICKED]] -> 0 | L55: Estate Crush | M55: 5.13 | N55: =IFERROR(M55/J55,0) -> 0 | O55: =IFERROR((N55*I55)/23,"")
A56: 46240 | B56: DVDU07MC | C56: {=IF(B56="","",_xlfn._xlws.FILTER('Source List'!I$2:I$268,'Source List'!G$2:G$268='Row Counts'!B56," "))} -> 545 | D56: {=IF(B56="","",_xlfn._xlws.FILTER('Source List'!J$2:J$268,'Source List'!G$2:G$268='Row Counts'!B56," "))} -> 15354 | E56: =IFERROR(Table1[[#This Row],[TOTAL VINES]]-Table1[[#This Row],[VINES LEFT]],"") -> 15081 | F56: 273 | G56: =IFERROR(D56/C56,0) -> 28.172477 | H56: =IFERROR(E56/C56,0) -> 27.67156 | I56: =Table1[[#This Row],[TOTAL ACRES]]-Table1[[#This Row],[ACRES PICKED]] -> 0.50091743 | J56: =I42-Table1[[#This Row],[ACRES LEFT]] -> 17.761468 | K56: 4 | L56: LTW | M56: 95.6 | N56: =IFERROR(M56/J56,0) -> 5.382438 | O56: =IFERROR((N56*I56)/23,"") -> 0.11722422
A57: 46241 | B57: DVMA01PN | C57: {=IF(B57="","",_xlfn._xlws.FILTER('Source List'!I$2:I$268,'Source List'!G$2:G$268='Row Counts'!B57," "))} -> 691 | D57: {=IF(B57="","",_xlfn._xlws.FILTER('Source List'!J$2:J$268,'Source List'!G$2:G$268='Row Counts'!B57," "))} -> 30586 | E57: =IFERROR(Table1[[#This Row],[TOTAL VINES]]-Table1[[#This Row],[VINES LEFT]],"") -> 30586 | F57: 0 | G57: =IFERROR(D57/C57,0) -> 44.263386 | H57: =IFERROR(E57/C57,0) -> 44.263386 | I57: =Table1[[#This Row],[TOTAL ACRES]]-Table1[[#This Row],[ACRES PICKED]] -> 0 | J57: =Table1[[#This Row],[ACRES PICKED]] -> 44.263386 | K57: 5.75 | L57: LTW | M57: 136.72 | N57: =IFERROR(M57/J57,0) -> 3.0887831 | O57: =IFERROR((N57*I57)/23,"") -> 0 | P57: Mat | Q57: FC
A58: 46241 | B58: MJMJ02PG | C58: 691 | D58: 30586 | E58: =IFERROR(Table1[[#This Row],[TOTAL VINES]]-Table1[[#This Row],[VINES LEFT]],"") -> 16380 | F58: 14206 | G58: =IFERROR(D58/C58,0) -> 44.263386 | H58: =IFERROR(E58/C58,0) -> 23.704776 | I58: =Table1[[#This Row],[TOTAL ACRES]]-Table1[[#This Row],[ACRES PICKED]] -> 20.558611 | J58: =I48-Table1[[#This Row],[ACRES LEFT]] -> 18.671491 | K58: 4 | L58: LTW | M58: 94.47 | N58: =IFERROR(M58/J58,0) -> 5.0595853 | O58: =IFERROR((N58*I58)/23,"") -> 4.5225237 | P58: Kyle | Q58: left to pick: 116(1/2), 117-118, 150, 152, 154, 156-280. | R58: Mineral weak section - remaining TPA will be higher!
A59: 46241 | B59: LFBE02VI | C59: {=IF(B59="","",_xlfn._xlws.FILTER('Source List'!I$2:I$268,'Source List'!G$2:G$268='Row Counts'!B59," "))} -> 778 | D59: {=IF(B59="","",_xlfn._xlws.FILTER('Source List'!J$2:J$268,'Source List'!G$2:G$268='Row Counts'!B59," "))} -> 29280 | E59: =IFERROR(Table1[[#This Row],[TOTAL VINES]]-Table1[[#This Row],[VINES LEFT]],"") -> 29280 | F59: 0 | G59: =IFERROR(D59/C59,0) -> 37.634961 | H59: 26.34 | I59: =Table1[[#This Row],[TOTAL ACRES]]-Table1[[#This Row],[ACRES PICKED]] -> 11.294961 | J59: =Table1[[#This Row],[ACRES PICKED]] -> 26.34 | K59: 3 | L59: LTW -Pine | M59: 72.01 | N59: =IFERROR(M59/J59,0) -> 2.7338648 | O59: =IFERROR((N59*I59)/23,"") -> 1.3425608 | Q59: FC | R59: This total tonnage is just pine ridge? need to confirm with Angelica how it was split
A60: 46241 | B60: LFBE02VI | C60: {=IF(B60="","",_xlfn._xlws.FILTER('Source List'!I$2:I$268,'Source List'!G$2:G$268='Row Counts'!B60," "))} -> 778 | D60: {=IF(B60="","",_xlfn._xlws.FILTER('Source List'!J$2:J$268,'Source List'!G$2:G$268='Row Counts'!B60," "))} -> 29280 | E60: =Table1[[#This Row],[TOTAL VINES]]-Table1[[#This Row],[VINES LEFT]] -> 0 | F60: =Table1[[#This Row],[TOTAL VINES]]-Table1[[#This Row],[VINES PICKED]] -> 0 | G60: =IFERROR(D60/C60,0) -> 37.634961 | H60: 11.29 | I60: =Table1[[#This Row],[TOTAL ACRES]]-Table1[[#This Row],[ACRES PICKED]] -> 26.344961 | J60: =Table1[[#This Row],[ACRES PICKED]] -> 11.29 | K60: 1.3 | L60: TWG-Wdbg | M60: 26.89 | N60: =IFERROR(M60/J60,0) -> 2.3817538 | O60: =IFERROR((N60*I60)/23,"") -> 2.7281396
A61: 46241 | B61: JONR01CH | C61: {=IF(B61="","",_xlfn._xlws.FILTER('Source List'!I$2:I$268,'Source List'!G$2:G$268='Row Counts'!B61," "))} -> 605 | D61: {=IF(B61="","",_xlfn._xlws.FILTER('Source List'!J$2:J$268,'Source List'!G$2:G$268='Row Counts'!B61," "))} -> 22654 | E61: =IFERROR(Table1[[#This Row],[TOTAL VINES]]-Table1[[#This Row],[VINES LEFT]],"") -> 11629 | F61: 11025 | G61: =IFERROR(D61/C61,0) -> 37.444628 | H61: =IFERROR(E61/C61,0) -> 19.221488 | I61: =Table1[[#This Row],[TOTAL ACRES]]-Table1[[#This Row],[ACRES PICKED]] -> 18.22314 | J61: =Table1[[#This Row],[ACRES PICKED]] -> 19.221488 | K61: 4 | L61: LTW | M61: 93.79 | N61: =IFERROR(M61/J61,0) -> 4.879435 | O61: =IFERROR((N61*I61)/23,"") -> 3.8660274 | P61: Kyle | Q61: left to pick: 1-23, 93, 95, 121, 123(1/2), 124-186
A62: 46241 | B62: SLHM05PN | C62: {=IF(B62="","",_xlfn._xlws.FILTER('Source List'!I$2:I$268,'Source List'!G$2:G$268='Row Counts'!B62," "))} -> 691 | D62: {=IF(B62="","",_xlfn._xlws.FILTER('Source List'!J$2:J$268,'Source List'!G$2:G$268='Row Counts'!B62," "))} -> 15976 | E62: =IFERROR(Table1[[#This Row],[TOTAL VINES]]-Table1[[#This Row],[VINES LEFT]],"") -> 15976 | F62: 0 | G62: =IFERROR(D62/C62,0) -> 23.120116 | H62: =IFERROR(E62/C62,0) -> 23.120116 | I62: =Table1[[#This Row],[TOTAL ACRES]]-Table1[[#This Row],[ACRES PICKED]] -> 0 | J62: =Table1[[#This Row],[ACRES PICKED]] -> 23.120116 | K62: 5.3 | L62: LTW | M62: 128.63 | N62: =IFERROR(M62/J62,0) -> 5.5635535 | O62: =IFERROR((N62*I62)/23,"") -> 0 | P62: Mat | Q62: FC
A63: 46241 | B63: MFLO01PG | C63: {=IF(B63="","",_xlfn._xlws.FILTER('Source List'!I$2:I$268,'Source List'!G$2:G$268='Row Counts'!B63," "))} -> 908 | D63: {=IF(B63="","",_xlfn._xlws.FILTER('Source List'!J$2:J$268,'Source List'!G$2:G$268='Row Counts'!B63," "))} -> 37921 | E63: =IFERROR(Table1[[#This Row],[TOTAL VINES]]-Table1[[#This Row],[VINES LEFT]],"") -> 37921 | F63: 0 | G63: =IFERROR(D63/C63,0) -> 41.763216 | H63: =IFERROR(E63/C63,0) -> 41.763216 | I63: =Table1[[#This Row],[TOTAL ACRES]]-Table1[[#This Row],[ACRES PICKED]] -> 0 | J63: =I54 -> 8.5781938 | K63: 3 | L63: Gallo-J Winery | M63: 48.39 | N63: =IFERROR(M63/J63,0) -> 5.6410476 | O63: =IFERROR((N63*I63)/23,"") -> 0 | P63: Uriel | Q63: FC
A64: 46242 | B64: VKDD01CH | C64: {=IF(B64="","",_xlfn._xlws.FILTER('Source List'!I$2:I$268,'Source List'!G$2:G$268='Row Counts'!B64," "))} -> 726 | D64: {=IF(B64="","",_xlfn._xlws.FILTER('Source List'!J$2:J$268,'Source List'!G$2:G$268='Row Counts'!B64," "))} -> 18798 | E64: =IFERROR(Table1[[#This Row],[TOTAL VINES]]-Table1[[#This Row],[VINES LEFT]],"") -> 11890 | F64: 6908 | G64: =IFERROR(D64/C64,0) -> 25.892562 | H64: =IFERROR(E64/C64,0) -> 16.37741 | I64: =Table1[[#This Row],[TOTAL ACRES]]-Table1[[#This Row],[ACRES PICKED]] -> 9.5151515 | J64: =Table1[[#This Row],[ACRES PICKED]] -> 16.37741 | K64: 4 | L64: LTW | M64: 92.15 | N64: =IFERROR(M64/J64,0) -> 5.6266526 | O64: =IFERROR((N64*I64)/23,"") -> 2.3277588 | P64: Mat | Q64: Left to pick:95-73,71,68(1/2W),64-57,55,53(20 vines W)
A65: 46242 | B65: JONR01CH | C65: {=IF(B65="","",_xlfn._xlws.FILTER('Source List'!I$2:I$268,'Source List'!G$2:G$268='Row Counts'!B65," "))} -> 605 | D65: {=IF(B65="","",_xlfn._xlws.FILTER('Source List'!J$2:J$268,'Source List'!G$2:G$268='Row Counts'!B65," "))} -> 22654 | E65: =IFERROR(Table1[[#This Row],[TOTAL VINES]]-Table1[[#This Row],[VINES LEFT]],"") -> 22654 | F65: 0 | G65: =IFERROR(D65/C65,0) -> 37.444628 | H65: =IFERROR(E65/C65,0) -> 37.444628 | I65: =Table1[[#This Row],[TOTAL ACRES]]-Table1[[#This Row],[ACRES PICKED]] -> 0 | J65: =I61 -> 18.22314 | K65: 3 | L65: LTW | M65: 71.8 | N65: =IFERROR(M65/J65,0) -> 3.9400454 | O65: =IFERROR((N65*I65)/23,"") -> 0 | P65: Mat | Q65: FC
A66: 46242 | B66: MJMJ02PG | C66: 691 | D66: 30586 | E66: =IFERROR(Table1[[#This Row],[TOTAL VINES]]-Table1[[#This Row],[VINES LEFT]],"") -> 30586 | F66: 0 | G66: =IFERROR(D66/C66,0) -> 44.263386 | H66: =IFERROR(E66/C66,0) -> 44.263386 | I66: =Table1[[#This Row],[TOTAL ACRES]]-Table1[[#This Row],[ACRES PICKED]] -> 0 | J66: =I58 -> 20.558611 | K66: 5.3 | L66: LTW | M66: 121.5 | N66: =IFERROR(M66/J66,0) -> 5.9099324 | O66: =IFERROR((N66*I66)/23,"") -> 0 | P66: Mat | Q66: FC
A67: 46243 | B67: PRHZ01CH | C67: {=IF(B67="","",_xlfn._xlws.FILTER('Source List'!I$2:I$268,'Source List'!G$2:G$268='Row Counts'!B67," "))} -> 566 | D67: {=IF(B67="","",_xlfn._xlws.FILTER('Source List'!J$2:J$268,'Source List'!G$2:G$268='Row Counts'!B67," "))} -> 6935 | E67: =IFERROR(Table1[[#This Row],[TOTAL VINES]]-Table1[[#This Row],[VINES LEFT]],"") -> 6739 | F67: 196 | G67: =IFERROR(D67/C67,0) -> 12.25265 | H67: =IFERROR(E67/C67,0) -> 11.90636 | I67: =Table1[[#This Row],[TOTAL ACRES]]-Table1[[#This Row],[ACRES PICKED]] -> 0.34628975 | J67: =Table1[[#This Row],[ACRES PICKED]] -> 11.90636 | K67: 2.75 | L67: LTW-Kosher | M67: 64.73 | N67: =IFERROR(M67/J67,0) -> 5.43659 | O67: =IFERROR((N67*I67)/23,"") -> 0.081853713 | P67: Luis | Q67: Left to picked: 100,105,108
A68: 46243 | B68: PRHZ21CH | C68: {=IF(B68="","",_xlfn._xlws.FILTER('Source List'!I$2:I$268,'Source List'!G$2:G$268='Row Counts'!B68," "))} -> 691 | D68: {=IF(B68="","",_xlfn._xlws.FILTER('Source List'!J$2:J$268,'Source List'!G$2:G$268='Row Counts'!B68," "))} -> 6586 | E68: 639 | F68: =Table1[[#This Row],[TOTAL VINES]]-Table1[[#This Row],[VINES PICKED]] -> 5947 | G68: =IFERROR(D68/C68,0) -> 9.5311143 | H68: =IFERROR(E68/C68,0) -> 0.92474674 | I68: =Table1[[#This Row],[TOTAL ACRES]]-Table1[[#This Row],[ACRES PICKED]] -> 8.6063676 | J68: =Table1[[#This Row],[ACRES PICKED]] -> 0.92474674 | K68: 0.25 | L68: LTW-Kosher | M68: 4.71 | N68: =IFERROR(M68/J68,0) -> 5.0932864 | O68: =IFERROR((N68*I68)/23,"") -> 1.9058563 | Q68: Picked SW: 32-33,35-38,41-42
A69: 46244 | B69: PRHZ15CB | C69: {=IF(B69="","",_xlfn._xlws.FILTER('Source List'!I$2:I$268,'Source List'!G$2:G$268='Row Counts'!B69," "))} -> 660 | D69: {=IF(B69="","",_xlfn._xlws.FILTER('Source List'!J$2:J$268,'Source List'!G$2:G$268='Row Counts'!B69," "))} -> 14817 | E69: 4385 | F69: =Table1[[#This Row],[TOTAL VINES]]-Table1[[#This Row],[VINES PICKED]] -> 10432 | G69: =IFERROR(D69/C69,0) -> 22.45 | H69: =IFERROR(E69/C69,0) -> 6.6439394 | I69: =Table1[[#This Row],[TOTAL ACRES]]-Table1[[#This Row],[ACRES PICKED]] -> 15.806061 | J69: =Table1[[#This Row],[ACRES PICKED]] -> 6.6439394 | K69: 3 | L69: LTW-Pine | M69: 73.74 | N69: =IFERROR(M69/J69,0) -> 11.098837 | O69: =IFERROR((N69*I69)/23,"") -> 7.627343 | P69: Luis | Q69: 15-30,32,34, row 34 half picked
A70: 46244 | B70: WHWH02PG | C70: {=IF(B70="","",_xlfn._xlws.FILTER('Source List'!I$2:I$268,'Source List'!G$2:G$268='Row Counts'!B70," "))} -> 691 | D70: {=IF(B70="","",_xlfn._xlws.FILTER('Source List'!J$2:J$268,'Source List'!G$2:G$268='Row Counts'!B70," "))} -> 23900 | E70: =IFERROR(Table1[[#This Row],[TOTAL VINES]]-Table1[[#This Row],[VINES LEFT]],"") -> 19743 | F70: 4157 | G70: =IFERROR(D70/C70,0) -> 34.587554 | H70: =IFERROR(E70/C70,0) -> 28.571635 | I70: =Table1[[#This Row],[TOTAL ACRES]]-Table1[[#This Row],[ACRES PICKED]] -> 6.015919 | J70: =Table1[[#This Row],[ACRES PICKED]] -> 28.571635 | K70: 5 | L70: Delicato | M70: 113.6 | N70: =IFERROR(M70/J70,0) -> 3.9759712 | O70: =IFERROR((N70*I70)/23,"") -> 1.0399618 | P70: Mat | Q70: Left to pick: 6,8,10,12-25
A71: 46244 | B71: DVDU05CH | C71: {=IF(B71="","",_xlfn._xlws.FILTER('Source List'!I$2:I$268,'Source List'!G$2:G$268='Row Counts'!B71," "))} -> 871 | D71: {=IF(B71="","",_xlfn._xlws.FILTER('Source List'!J$2:J$268,'Source List'!G$2:G$268='Row Counts'!B71," "))} -> 36095 | E71: =IFERROR(Table1[[#This Row],[TOTAL VINES]]-Table1[[#This Row],[VINES LEFT]],"") -> 11895 | F71: 24200 | G71: =IFERROR(D71/C71,0) -> 41.440873 | H71: =IFERROR(E71/C71,0) -> 13.656716 | I71: =Table1[[#This Row],[TOTAL ACRES]]-Table1[[#This Row],[ACRES PICKED]] -> 27.784156 | J71: =Table1[[#This Row],[ACRES PICKED]] -> 13.656716 | K71: 4 | L71: LTW | M71: 89.01 | N71: =IFERROR(M71/J71,0) -> 6.5176721 | O71: =IFERROR((N71*I71)/23,"") -> 7.8733922 | P71: Uriel | Q71: Left to pick: 1-4,40,42-55,73-166
A72: 46244 | B72: ONMI09CH | C72: {=IF(B72="","",_xlfn._xlws.FILTER('Source List'!I$2:I$268,'Source List'!G$2:G$268='Row Counts'!B72," "))} -> 807 | D72: {=IF(B72="","",_xlfn._xlws.FILTER('Source List'!J$2:J$268,'Source List'!G$2:G$268='Row Counts'!B72," "))} -> 30210 | E72: =IFERROR(Table1[[#This Row],[TOTAL VINES]]-Table1[[#This Row],[VINES LEFT]],"") -> 21495 | F72: 8715 | G72: =IFERROR(D72/C72,0) -> 37.434944 | H72: =IFERROR(E72/C72,0) -> 26.635688 | I72: =Table1[[#This Row],[TOTAL ACRES]]-Table1[[#This Row],[ACRES PICKED]] -> 10.799257 | J72: =Table1[[#This Row],[ACRES PICKED]] -> 26.635688 | K72: 7 | L72: Oneill | M72: 165.56 | N72: =IFERROR(M72/J72,0) -> 6.2157209 | O72: =IFERROR((N72*I72)/23,"") -> 2.9184854 | P72: Leonardo | Q72: Left to pick: island plus 62(1/2),63-78, 79 (half) 80,82
A73: 46244 | B73: VKDD01CH | C73: {=IF(B73="","",_xlfn._xlws.FILTER('Source List'!I$2:I$268,'Source List'!G$2:G$268='Row Counts'!B73," "))} -> 726 | D73: {=IF(B73="","",_xlfn._xlws.FILTER('Source List'!J$2:J$268,'Source List'!G$2:G$268='Row Counts'!B73," "))} -> 18798 | E73: =IFERROR(Table1[[#This Row],[TOTAL VINES]]-Table1[[#This Row],[VINES LEFT]],"") -> 18798 | F73: 0 | G73: =IFERROR(D73/C73,0) -> 25.892562 | H73: =IFERROR(E73/C73,0) -> 25.892562 | I73: =Table1[[#This Row],[TOTAL ACRES]]-Table1[[#This Row],[ACRES PICKED]] -> 0 | J73: =Table1[[#This Row],[ACRES PICKED]] -> 25.892562 | K73: 2.6 | L73: LTW | M73: 59.94 | N73: =IFERROR(M73/J73,0) -> 2.3149505 | O73: =IFERROR((N73*I73)/23,"") -> 0 | P73: Mat | Q73: FC
A74: 46244 | B74: DFDA07ND | C74: {=IF(B74="","",_xlfn._xlws.FILTER('Source List'!I$2:I$268,'Source List'!G$2:G$268='Row Counts'!B74," "))} -> 691 | D74: {=IF(B74="","",_xlfn._xlws.FILTER('Source List'!J$2:J$268,'Source List'!G$2:G$268='Row Counts'!B74," "))} -> 4595 | E74: =IFERROR(Table1[[#This Row],[TOTAL VINES]]-Table1[[#This Row],[VINES LEFT]],"") -> 4395 | F74: 200 | G74: =IFERROR(D74/C74,0) -> 6.6497829 | H74: =IFERROR(E74/C74,0) -> 6.3603473 | I74: =Table1[[#This Row],[TOTAL ACRES]]-Table1[[#This Row],[ACRES PICKED]] -> 0.2894356 | J74: =Table1[[#This Row],[ACRES PICKED]] -> 6.3603473 | K74: 1 | L74: LTW | M74: 23.33 | N74: =IFERROR(M74/J74,0) -> 3.6680387 | O74: =IFERROR((N74*I74)/23,"") -> 0.046159173 | P74: Luis | Q74: 34 and 35 left to pick
A75: 46244 | B75: LFTO02SB | C75: {=IF(B75="","",_xlfn._xlws.FILTER('Source List'!I$2:I$268,'Source List'!G$2:G$268='Row Counts'!B75," "))} -> 622 | D75: {=IF(B75="","",_xlfn._xlws.FILTER('Source List'!J$2:J$268,'Source List'!G$2:G$268='Row Counts'!B75," "))} -> 34846 | E75: =IFERROR(Table1[[#This Row],[TOTAL VINES]]-Table1[[#This Row],[VINES LEFT]],"") -> 23990 | F75: 10856 | G75: =IFERROR(D75/C75,0) -> 56.022508 | H75: =IFERROR(E75/C75,0) -> 38.569132 | I75: =Table1[[#This Row],[TOTAL ACRES]]-Table1[[#This Row],[ACRES PICKED]] -> 17.453376 | J75: =Table1[[#This Row],[ACRES PICKED]] -> 38.569132 | K75: 4 | L75: ONeill | M75: 95.12 | N75: =IFERROR(M75/J75,0) -> 2.4662209 | O75: =IFERROR((N75*I75)/23,"") -> 1.8714731 | P75: Kyle | Q75: 45(1/2), 46-49, 65(1/2), 91, 94-99, 102, 102-145
A76: 46244 | B76: LFW105CH | C76: 792 | D76: 12945 | E76: =Table1[[#This Row],[TOTAL VINES]]-Table1[[#This Row],[VINES LEFT]] -> 0 | F76: =Table1[[#This Row],[TOTAL VINES]]-Table1[[#This Row],[VINES PICKED]] -> 0 | G76: =IFERROR(D76/C76,0) -> 16.344697 | H76: =IFERROR(E76/C76,0) -> 0 | I76: =Table1[[#This Row],[TOTAL ACRES]]-Table1[[#This Row],[ACRES PICKED]] -> 0 | J76: =Table1[[#This Row],[ACRES PICKED]] -> 0 | K76: 1 | L76: LTW | M76: 21.79 | N76: =IFERROR(M76/J76,0) -> 0 | O76: =IFERROR((N76*I76)/23,"") -> 0 | P76: Mat | Q76: FC
A77: 46244 | B77: CLMO01BA | C77: {=IF(B77="","",_xlfn._xlws.FILTER('Source List'!I$2:I$268,'Source List'!G$2:G$268='Row Counts'!B77," "))} -> 681 | D77: {=IF(B77="","",_xlfn._xlws.FILTER('Source List'!J$2:J$268,'Source List'!G$2:G$268='Row Counts'!B77," "))} -> 22973 | E77: =IFERROR(Table1[[#This Row],[TOTAL VINES]]-Table1[[#This Row],[VINES LEFT]],"") -> 17422 | F77: 5551 | G77: =IFERROR(D77/C77,0) -> 33.734214 | H77: =IFERROR(E77/C77,0) -> 25.582966 | I77: =Table1[[#This Row],[TOTAL ACRES]]-Table1[[#This Row],[ACRES PICKED]] -> 8.1512482 | J77: =Table1[[#This Row],[ACRES PICKED]] -> 25.582966 | K77: 6 | L77: LTW | M77: 154.6 | N77: =IFERROR(M77/J77,0) -> 6.0430835 | O77: =IFERROR((N77*I77)/23,"") -> 2.1416814 | P77: Kelly | Q77: 1-20, 40,42,44,234-300,& 302.
A78: 46245 | B78: WHWH02PG | C78: {=IF(B78="","",_xlfn._xlws.FILTER('Source List'!I$2:I$268,'Source List'!G$2:G$268='Row Counts'!B78," "))} -> 691 | D78: {=IF(B78="","",_xlfn._xlws.FILTER('Source List'!J$2:J$268,'Source List'!G$2:G$268='Row Counts'!B78," "))} -> 23900 | E78: =IFERROR(Table1[[#This Row],[TOTAL VINES]]-Table1[[#This Row],[VINES LEFT]],"") -> 23900 | F78: 0 | H78: =IFERROR(E78/C78,0) -> 34.587554 | I78: 0 | J78: =I70 -> 6.015919 | K78: 1.15 | L78: Delicato | M78: 25.8 | N78: =IFERROR(M78/J78,0) -> 4.2886216 | O78: =IFERROR((N78*I78)/23,"") -> 0 | P78: Mat | Q78: FC
A79: 46245 | B79: LF8004CH | C79: {=IF(B79="","",_xlfn._xlws.FILTER('Source List'!I$2:I$268,'Source List'!G$2:G$268='Row Counts'!B79," "))} -> 622 | D79: {=IF(B79="","",_xlfn._xlws.FILTER('Source List'!J$2:J$268,'Source List'!G$2:G$268='Row Counts'!B79," "))} -> 11433 | E79: =IFERROR(Table1[[#This Row],[TOTAL VINES]]-Table1[[#This Row],[VINES LEFT]],"") -> 11433 | F79: 0 | G79: =IFERROR(D79/C79,0) -> 18.381029 | H79: =IFERROR(E79/C79,0) -> 18.381029 | I79: =Table1[[#This Row],[TOTAL ACRES]]-Table1[[#This Row],[ACRES PICKED]] -> 0 | J79: =I3 -> 9.4019293 | K79: 2.25 | L79: LTW | M79: 54.98 | N79: =IFERROR(M79/J79,0) -> 5.847736 | O79: =IFERROR((N79*I79)/23,"") -> 0 | P79: Mat | Q79: FC
A80: 46245 | B80: ONMI09CH | C80: {=IF(B80="","",_xlfn._xlws.FILTER('Source List'!I$2:I$268,'Source List'!G$2:G$268='Row Counts'!B80," "))} -> 807 | D80: {=IF(B80="","",_xlfn._xlws.FILTER('Source List'!J$2:J$268,'Source List'!G$2:G$268='Row Counts'!B80," "))} -> 30210 | E80: =IFERROR(Table1[[#This Row],[TOTAL VINES]]-Table1[[#This Row],[VINES LEFT]],"") -> 30210 | F80: 0 | G80: =IFERROR(D80/C80,0) -> 37.434944 | H80: =IFERROR(E80/C80,0) -> 37.434944 | I80: =Table1[[#This Row],[TOTAL ACRES]]-Table1[[#This Row],[ACRES PICKED]] -> 0 | J80: =I72 -> 10.799257 | K80: 3 | L80: Oneill | M80: 66.04 | N80: =IFERROR(M80/J80,0) -> 6.1152358 | O80: =IFERROR((N80*I80)/23,"") -> 0 | P80: Mat | Q80: FC
A81: 46245 | B81: CLMO01BA | C81: {=IF(B81="","",_xlfn._xlws.FILTER('Source List'!I$2:I$268,'Source List'!G$2:G$268='Row Counts'!B81," "))} -> 681 | D81: {=IF(B81="","",_xlfn._xlws.FILTER('Source List'!J$2:J$268,'Source List'!G$2:G$268='Row Counts'!B81," "))} -> 22973 | E81: =IFERROR(Table1[[#This Row],[TOTAL VINES]]-Table1[[#This Row],[VINES LEFT]],"") -> 22973 | F81: 0 | G81: =IFERROR(D81/C81,0) -> 33.734214 | H81: =IFERROR(E81/C81,0) -> 33.734214 | I81: =Table1[[#This Row],[TOTAL ACRES]]-Table1[[#This Row],[ACRES PICKED]] -> 0 | J81: =I77 -> 8.1512482 | K81: 2 | L81: LTW | M81: 51.49 | N81: =IFERROR(M81/J81,0) -> 6.316824 | O81: =IFERROR((N81*I81)/23,"") -> 0 | P81: Uriel | Q81: FC
A82: 46245 | B82: WHWH03AL | C82: {=IF(B82="","",_xlfn._xlws.FILTER('Source List'!I$2:I$268,'Source List'!G$2:G$268='Row Counts'!B82," "))} -> 691 | D82: {=IF(B82="","",_xlfn._xlws.FILTER('Source List'!J$2:J$268,'Source List'!G$2:G$268='Row Counts'!B82," "))} -> 20669 | E82: 2343 | F82: =Table1[[#This Row],[TOTAL VINES]]-Table1[[#This Row],[VINES PICKED]] -> 18326 | G82: =IFERROR(D82/C82,0) -> 29.911722 | H82: =IFERROR(E82/C82,0) -> 3.3907381 | I82: =Table1[[#This Row],[TOTAL ACRES]]-Table1[[#This Row],[ACRES PICKED]] -> 26.520984 | J82: =Table1[[#This Row],[ACRES PICKED]] -> 3.3907381 | K82: =14/24 -> 0.58333333 | L82: LTW | M82: 14.2 | N82: =IFERROR(M82/J82,0) -> 4.1878788 | O82: =IFERROR((N82*I82)/23,"") -> 4.8289855 | P82: Mat | Q82: Picked: 82,83(1/3E),84,90-121.
A83: 46245 | B83: LFTO02SB | C83: {=IF(B83="","",_xlfn._xlws.FILTER('Source List'!I$2:I$268,'Source List'!G$2:G$268='Row Counts'!B83," "))} -> 622 | D83: {=IF(B83="","",_xlfn._xlws.FILTER('Source List'!J$2:J$268,'Source List'!G$2:G$268='Row Counts'!B83," "))} -> 34846 | E83: =IFERROR(Table1[[#This Row],[TOTAL VINES]]-Table1[[#This Row],[VINES LEFT]],"") -> 34846 | F83: 0 | G83: =IFERROR(D83/C83,0) -> 56.022508 | H83: =IFERROR(E83/C83,0) -> 56.022508 | I83: =Table1[[#This Row],[TOTAL ACRES]]-Table1[[#This Row],[ACRES PICKED]] -> 0 | J83: =I75 -> 17.453376 | K83: 2 | L83: Oneill | M83: 40.65 | N83: =IFERROR(M83/J83,0) -> 2.3290623 | O83: =IFERROR((N83*I83)/23,"") -> 0 | P83: Mat | Q83: FC
A84: 46245 | B84: PRHZ15CB | C84: {=IF(B84="","",_xlfn._xlws.FILTER('Source List'!I$2:I$268,'Source List'!G$2:G$268='Row Counts'!B84," "))} -> 660 | D84: {=IF(B84="","",_xlfn._xlws.FILTER('Source List'!J$2:J$268,'Source List'!G$2:G$268='Row Counts'!B84," "))} -> 14817 | E84: =IFERROR(Table1[[#This Row],[TOTAL VINES]]-Table1[[#This Row],[VINES LEFT]],"") -> 8608 | F84: 6209 | G84: =IFERROR(D84/C84,0) -> 22.45 | H84: =IFERROR(E84/C84,0) -> 13.042424 | I84: =Table1[[#This Row],[TOTAL ACRES]]-Table1[[#This Row],[ACRES PICKED]] -> 9.4075758 | J84: =I69-Table1[[#This Row],[ACRES LEFT]] -> 6.3984848 | K84: 3 | L84: LTW-Pine & Kosher | M84: 72.68 | N84: =IFERROR(M84/J84,0) -> 11.358939 | O84: =IFERROR((N84*I84)/23,"") -> 4.6460905 | P84: Luis | Q84: Left to pick: 1-14,56-90 | R84: Only 2 loads delivered for pine ridge - 1 kosher
A85: 46245 | B85: MJMJ03CB | C85: {=IF(B85="","",_xlfn._xlws.FILTER('Source List'!I$2:I$268,'Source List'!G$2:G$268='Row Counts'!B85," "))} -> 726 | D85: {=IF(B85="","",_xlfn._xlws.FILTER('Source List'!J$2:J$268,'Source List'!G$2:G$268='Row Counts'!B85," "))} -> 14094 | E85: 5055 | F85: =Table1[[#This Row],[TOTAL VINES]]-Table1[[#This Row],[VINES PICKED]] -> 9039 | G85: =IFERROR(D85/C85,0) -> 19.413223 | H85: =IFERROR(E85/C85,0) -> 6.9628099 | I85: =Table1[[#This Row],[TOTAL ACRES]]-Table1[[#This Row],[ACRES PICKED]] -> 12.450413 | J85: =Table1[[#This Row],[ACRES PICKED]] -> 6.9628099 | K85: 4 | L85: LTW | M85: 98.98 | N85: =IFERROR(M85/J85,0) -> 14.215525 | O85: =IFERROR((N85*I85)/23,"") -> 7.695181 | P85: Mat | Q85: Picked: 1-12,13(1/2W),14,16,18,20
A86: 46245 | B86: PRHZ99SB | C86: {=IF(B86="","",_xlfn._xlws.FILTER('Source List'!I$2:I$268,'Source List'!G$2:G$268='Row Counts'!B86," "))} -> 660 | D86: {=IF(B86="","",_xlfn._xlws.FILTER('Source List'!J$2:J$268,'Source List'!G$2:G$268='Row Counts'!B86," "))} -> 1276 | E86: =IFERROR(Table1[[#This Row],[TOTAL VINES]]-Table1[[#This Row],[VINES LEFT]],"") -> 1276 | F86: 0 | G86: =IFERROR(D86/C86,0) -> 1.9333333 | H86: =IFERROR(E86/C86,0) -> 1.9333333 | I86: =Table1[[#This Row],[TOTAL ACRES]]-Table1[[#This Row],[ACRES PICKED]] -> 0 | J86: =Table1[[#This Row],[ACRES PICKED]] -> 1.9333333 | K86: =((6*2.25))/24 -> 0.5625 | L86: LTW-Kosher | M86: 12.86 | N86: =IFERROR(M86/J86,0) -> 6.6517241 | O86: =IFERROR((N86*I86)/23,"") -> 0 | P86: Luis | Q86: 2.25 gondolas - FC
A87: 46245 | B87: CLPC02BA | C87: {=IF(B87="","",_xlfn._xlws.FILTER('Source List'!I$2:I$268,'Source List'!G$2:G$268='Row Counts'!B87," "))} -> 681 | D87: {=IF(B87="","",_xlfn._xlws.FILTER('Source List'!J$2:J$268,'Source List'!G$2:G$268='Row Counts'!B87," "))} -> 18907 | E87: =IFERROR(Table1[[#This Row],[TOTAL VINES]]-Table1[[#This Row],[VINES LEFT]],"") -> 11018 | F87: 7889 | G87: =IFERROR(D87/C87,0) -> 27.763583 | H87: =IFERROR(E87/C87,0) -> 16.179148 | I87: =Table1[[#This Row],[TOTAL ACRES]]-Table1[[#This Row],[ACRES PICKED]] -> 11.584435 | J87: =Table1[[#This Row],[ACRES PICKED]] -> 16.179148 | K87: 3 | L87: LTW | M87: 74.11 | N87: =IFERROR(M87/J87,0) -> 4.5805872 | O87: =IFERROR((N87*I87)/23,"") -> 2.3071093 | P87: Uriel | Q87: Left to pick: 20,22-28,35-51,70-73,75 (50Vines) 78,80-103
A88: 46245 | B88: PRHZ16CB | C88: {=IF(B88="","",_xlfn._xlws.FILTER('Source List'!I$2:I$268,'Source List'!G$2:G$268='Row Counts'!B88," "))} -> 660 | D88: {=IF(B88="","",_xlfn._xlws.FILTER('Source List'!J$2:J$268,'Source List'!G$2:G$268='Row Counts'!B88," "))} -> 4148 | E88: =IFERROR(Table1[[#This Row],[TOTAL VINES]]-Table1[[#This Row],[VINES LEFT]],"") -> 2379 | F88: 1769 | G88: =IFERROR(D88/C88,0) -> 6.2848485 | H88: =IFERROR(E88/C88,0) -> 3.6045455 | I88: =Table1[[#This Row],[TOTAL ACRES]]-Table1[[#This Row],[ACRES PICKED]] -> 2.680303 | J88: =Table1[[#This Row],[ACRES PICKED]] -> 3.6045455 | L88: LTW-Kosher | M88: 23.15 | N88: =IFERROR(M88/J88,0) -> 6.4224464 | O88: =IFERROR((N88*I88)/23,"") -> 0.74843924 | P88: Rosendo | Q88: Left to pick: 50 south (special reserve) | R88: TPA is not right - they didnt track tons per block
A89: 46245 | B89: PRHZ17CB | C89: {=IF(B89="","",_xlfn._xlws.FILTER('Source List'!I$2:I$268,'Source List'!G$2:G$268='Row Counts'!B89," "))} -> 519 | D89: {=IF(B89="","",_xlfn._xlws.FILTER('Source List'!J$2:J$268,'Source List'!G$2:G$268='Row Counts'!B89," "))} -> 3672 | E89: =IFERROR(Table1[[#This Row],[TOTAL VINES]]-Table1[[#This Row],[VINES LEFT]],"") -> 1428 | F89: 2244 | G89: =IFERROR(D89/C89,0) -> 7.0751445 | H89: =IFERROR(E89/C89,0) -> 2.7514451 | I89: =Table1[[#This Row],[TOTAL ACRES]]-Table1[[#This Row],[ACRES PICKED]] -> 4.3236994 | J89: =Table1[[#This Row],[ACRES PICKED]] -> 2.7514451 | L89: LTW-Kosher | M89: 22.42 | N89: =IFERROR(M89/J89,0) -> 8.1484454 | O89: =IFERROR((N89*I89)/23,"") -> 1.5318012 | P89: Rosendo | Q89: Left to pick: 64,66,67,68,69,71,72,74, North of 74 | R89: TPA is not right - they didnt track tons per block
A90: 46246 | B90: LFRR08GB | C90: {=IF(B90="","",_xlfn._xlws.FILTER('Source List'!I$2:I$268,'Source List'!G$2:G$268='Row Counts'!B90," "))} -> 691 | D90: {=IF(B90="","",_xlfn._xlws.FILTER('Source List'!J$2:J$268,'Source List'!G$2:G$268='Row Counts'!B90," "))} -> 3193 | E90: =IFERROR(Table1[[#This Row],[TOTAL VINES]]-Table1[[#This Row],[VINES LEFT]],"") -> 3193 | F90: 0 | G90: =IFERROR(D90/C90,0) -> 4.6208394 | H90: =IFERROR(E90/C90,0) -> 4.6208394 | I90: =Table1[[#This Row],[TOTAL ACRES]]-Table1[[#This Row],[ACRES PICKED]] -> 0 | J90: =Table1[[#This Row],[ACRES PICKED]] -> 4.6208394 | K90: 1.85 | L90: LTW | M90: 41.29 | N90: =IFERROR(M90/J90,0) -> 8.935606 | O90: =IFERROR((N90*I90)/23,"") -> 0 | P90: Mat | Q90: FC
A91: 46246 | B91: FFRY05CH | C91: {=IF(B91="","",_xlfn._xlws.FILTER('Source List'!I$2:I$268,'Source List'!G$2:G$268='Row Counts'!B91," "))} -> 622 | D91: {=IF(B91="","",_xlfn._xlws.FILTER('Source List'!J$2:J$268,'Source List'!G$2:G$268='Row Counts'!B91," "))} -> 15330 | E91: =IFERROR(Table1[[#This Row],[TOTAL VINES]]-Table1[[#This Row],[VINES LEFT]],"") -> 10423 | F91: 4907 | G91: =IFERROR(D91/C91,0) -> 24.646302 | H91: =IFERROR(E91/C91,0) -> 16.757235 | I91: =Table1[[#This Row],[TOTAL ACRES]]-Table1[[#This Row],[ACRES PICKED]] -> 7.8890675 | J91: =Table1[[#This Row],[ACRES PICKED]] -> 16.757235 | K91: 5 | L91: Chateau St Jean | M91: 110.39 | N91: =IFERROR(M91/J91,0) -> 6.5876024 | O91: =IFERROR((N91*I91)/23,"") -> 2.259567 | P91: Mat | Q91: Left to pick: 14,16-44,52,54
A92: 46246 | B92: PRHZ17CB | C92: {=IF(B92="","",_xlfn._xlws.FILTER('Source List'!I$2:I$268,'Source List'!G$2:G$268='Row Counts'!B92," "))} -> 519 | D92: {=IF(B92="","",_xlfn._xlws.FILTER('Source List'!J$2:J$268,'Source List'!G$2:G$268='Row Counts'!B92," "))} -> 3672 | E92: =IFERROR(Table1[[#This Row],[TOTAL VINES]]-Table1[[#This Row],[VINES LEFT]],"") -> 3672 | F92: 0 | G92: =IFERROR(D92/C92,0) -> 7.0751445 | H92: =IFERROR(E92/C92,0) -> 7.0751445 | I92: =Table1[[#This Row],[TOTAL ACRES]]-Table1[[#This Row],[ACRES PICKED]] -> 0 | L92: LTW-Kosher | M92: =6*5.5 -> 33 | N92: =IFERROR(M92/J92,0) -> 0 | O92: =IFERROR((N92*I92)/23,"") -> 0 | P92: Luis | Q92: FC
A93: 46246 | B93: PRHZ99CB | C93: {=IF(B93="","",_xlfn._xlws.FILTER('Source List'!I$2:I$268,'Source List'!G$2:G$268='Row Counts'!B93," "))} -> 660 | D93: {=IF(B93="","",_xlfn._xlws.FILTER('Source List'!J$2:J$268,'Source List'!G$2:G$268='Row Counts'!B93," "))} -> 529 | E93: =IFERROR(Table1[[#This Row],[TOTAL VINES]]-Table1[[#This Row],[VINES LEFT]],"") -> 529 | F93: 0 | G93: =IFERROR(D93/C93,0) -> 0.80151515 | H93: =IFERROR(E93/C93,0) -> 0.80151515 | I93: =Table1[[#This Row],[TOTAL ACRES]]-Table1[[#This Row],[ACRES PICKED]] -> 0 | J93: =Table1[[#This Row],[ACRES PICKED]] -> 0.80151515 | L93: LTW-Kosher | M93: =6*1.25 -> 7.5 | N93: =IFERROR(M93/J93,0) -> 9.3572779 | O93: =IFERROR((N93*I93)/23,"") -> 0 | P93: Luis | Q93: FC
A94: 46246 | B94: PRHZ22CB | C94: {=IF(B94="","",_xlfn._xlws.FILTER('Source List'!I$2:I$268,'Source List'!G$2:G$268='Row Counts'!B94," "))} -> 519 | D94: {=IF(B94="","",_xlfn._xlws.FILTER('Source List'!J$2:J$268,'Source List'!G$2:G$268='Row Counts'!B94," "))} -> 2061 | E94: =IFERROR(Table1[[#This Row],[TOTAL VINES]]-Table1[[#This Row],[VINES LEFT]],"") -> 1125 | F94: 936 | G94: =IFERROR(D94/C94,0) -> 3.9710983 | H94: =IFERROR(E94/C94,0) -> 2.1676301 | I94: =Table1[[#This Row],[TOTAL ACRES]]-Table1[[#This Row],[ACRES PICKED]] -> 1.8034682 | J94: =Table1[[#This Row],[ACRES PICKED]] -> 2.1676301 | L94: LTW-Kosher | M94: =3.75*6 -> 22.5 | N94: =IFERROR(M94/J94,0) -> 10.38 | O94: =IFERROR((N94*I94)/23,"") -> 0.81391304 | P94: Luis | Q94: Left to pick: 20,16,14-9,7-1
A95: 46246 | B95: MJMJ03CB | C95: {=IF(B95="","",_xlfn._xlws.FILTER('Source List'!I$2:I$268,'Source List'!G$2:G$268='Row Counts'!B95," "))} -> 726 | D95: {=IF(B95="","",_xlfn._xlws.FILTER('Source List'!J$2:J$268,'Source List'!G$2:G$268='Row Counts'!B95," "))} -> 14094 | E95: =IFERROR(Table1[[#This Row],[TOTAL VINES]]-Table1[[#This Row],[VINES LEFT]],"") -> 12294 | F95: 1800 | G95: =IFERROR(D95/C95,0) -> 19.413223 | H95: =IFERROR(E95/C95,0) -> 16.933884 | I95: =Table1[[#This Row],[TOTAL ACRES]]-Table1[[#This Row],[ACRES PICKED]] -> 2.4793388 | J95: =I85-Table1[[#This Row],[ACRES LEFT]] -> 9.9710744 | K95: 6 | L95: LTW | M95: 148.88 | N95: =IFERROR(M95/J95,0) -> 14.931189 | O95: =IFERROR((N95*I95)/23,"") -> 1.6095425 | P95: Luis | Q95: Left to pick: 39,41.44-48 39 is half
A96: 46247 | B96: PRHZ01CH | C96: {=IF(B96="","",_xlfn._xlws.FILTER('Source List'!I$2:I$268,'Source List'!G$2:G$268='Row Counts'!B96," "))} -> 566 | D96: {=IF(B96="","",_xlfn._xlws.FILTER('Source List'!J$2:J$268,'Source List'!G$2:G$268='Row Counts'!B96," "))} -> 6935 | E96: =IFERROR(Table1[[#This Row],[TOTAL VINES]]-Table1[[#This Row],[VINES LEFT]],"") -> 6935 | F96: 0 | G96: =IFERROR(D96/C96,0) -> 12.25265 | H96: =IFERROR(E96/C96,0) -> 12.25265 | I96: =Table1[[#This Row],[TOTAL ACRES]]-Table1[[#This Row],[ACRES PICKED]] -> 0 | J96: =I67 -> 0.34628975 | L96: LTW-Kosher | M96: =0.25*6 -> 1.5 | N96: =IFERROR(M96/J96,0) -> 4.3316327 | O96: =IFERROR((N96*I96)/23,"") -> 0 | P96: Luis | Q96: FC
A97: 46247 | B97: PRHZ21CH | C97: {=IF(B97="","",_xlfn._xlws.FILTER('Source List'!I$2:I$268,'Source List'!G$2:G$268='Row Counts'!B97," "))} -> 691 | D97: {=IF(B97="","",_xlfn._xlws.FILTER('Source List'!J$2:J$268,'Source List'!G$2:G$268='Row Counts'!B97," "))} -> 6586 | E97: =IFERROR(Table1[[#This Row],[TOTAL VINES]]-Table1[[#This Row],[VINES LEFT]],"") -> 5677 | F97: 909 | G97: =IFERROR(D97/C97,0) -> 9.5311143 | H97: =IFERROR(E97/C97,0) -> 8.2156295 | I97: =Table1[[#This Row],[TOTAL ACRES]]-Table1[[#This Row],[ACRES PICKED]] -> 1.3154848 | J97: =I68-Table1[[#This Row],[ACRES LEFT]] -> 7.2908828 | L97: LTW-Kosher | M97: 42.58 | N97: =IFERROR(M97/J97,0) -> 5.8401707 | O97: =IFERROR((N97*I97)/23,"") -> 0.33402851 | P97: Luis | Q97: East left to pick 1-7,9,11,24-26, 11 half 25 has 14 26 has 18
A98: 46247 | B98: MJMJ03CB | C98: {=IF(B98="","",_xlfn._xlws.FILTER('Source List'!I$2:I$268,'Source List'!G$2:G$268='Row Counts'!B98," "))} -> 726 | D98: {=IF(B98="","",_xlfn._xlws.FILTER('Source List'!J$2:J$268,'Source List'!G$2:G$268='Row Counts'!B98," "))} -> 14094 | E98: =IFERROR(Table1[[#This Row],[TOTAL VINES]]-Table1[[#This Row],[VINES LEFT]],"") -> 14094 | F98: 0 | G98: =IFERROR(D98/C98,0) -> 19.413223 | H98: =IFERROR(E98/C98,0) -> 19.413223 | I98: =Table1[[#This Row],[TOTAL ACRES]]-Table1[[#This Row],[ACRES PICKED]] -> 0 | J98: =I95 -> 2.4793388 | L98: LTW | M98: 36 | N98: =IFERROR(M98/J98,0) -> 14.52 | O98: =IFERROR((N98*I98)/23,"") -> 0 | P98: Luis | Q98: FC - 6 gondolas
A99: 46247 | B99: BAPE01CH | C99: {=IF(B99="","",_xlfn._xlws.FILTER('Source List'!I$2:I$268,'Source List'!G$2:G$268='Row Counts'!B99," "))} -> 726 | D99: {=IF(B99="","",_xlfn._xlws.FILTER('Source List'!J$2:J$268,'Source List'!G$2:G$268='Row Counts'!B99," "))} -> 30107 | E99: =10296+58 -> 10354 | F99: =Table1[[#This Row],[TOTAL VINES]]-Table1[[#This Row],[VINES PICKED]] -> 19753 | G99: =IFERROR(D99/C99,0) -> 41.469697 | H99: =IFERROR(E99/C99,0) -> 14.261708 | I99: =Table1[[#This Row],[TOTAL ACRES]]-Table1[[#This Row],[ACRES PICKED]] -> 27.207989 | J99: =Table1[[#This Row],[ACRES PICKED]] -> 14.261708 | K99: 4 | L99: LTW | M99: 94.16 | N99: =IFERROR(M99/J99,0) -> 6.6022948 | O99: =IFERROR((N99*I99)/23,"") -> 7.8102245 | P99: Mat | Q99: Picked: 20-48,50,53-60,62,79,80,82,84,110-130,132,139-160,161(1/2W),162,164
A100: 46247 | B100: CL3A02SB | C100: {=IF(B100="","",_xlfn._xlws.FILTER('Source List'!I$2:I$268,'Source List'!G$2:G$268='Row Counts'!B100," "))} -> 622 | D100: {=IF(B100="","",_xlfn._xlws.FILTER('Source List'!J$2:J$268,'Source List'!G$2:G$268='Row Counts'!B100," "))} -> 30664 | E100: 11226 | F100: =Table1[[#This Row],[TOTAL VINES]]-Table1[[#This Row],[VINES PICKED]] -> 19438 | G100: =IFERROR(D100/C100,0) -> 49.299035 | H100: =IFERROR(E100/C100,0) -> 18.048232 | I100: =Table1[[#This Row],[TOTAL ACRES]]-Table1[[#This Row],[ACRES PICKED]] -> 31.250804 | J100: =Table1[[#This Row],[ACRES PICKED]] -> 18.048232 | K100: 6 | L100: TWG-Wdbg | M100: 142.66 | N100: =IFERROR(M100/J100,0) -> 7.9043756 | O100: =IFERROR((N100*I100)/23,"") -> 10.739917 | P100: Mat | Q100: South island picked, East block picked: 182-135,133(1/2E),54,52-41,40(3/4W),38,36-1
...

Sheet Sheet1
A1: Code | B1: Variety | C1: Block | D1: Acres Remaining | E1: Est. Tons Remaining | F1: Last Brix Reading
A2: CLAT05CS | B2: CS | C2: Clements Atkins B5 CS | D2: 34.92 | E2: 244.44 | F2: 23.5 on 10/20
A3: DBAI04CS | B3: CS | C3: Donald Airport B4 CS | D3: 9.27 | E3: 64.89 | F3: 24.3 on 10/20
A4: LAPR05CS | B4: CS | C4: La Prima B5 CS | D4: 43.1 | E4: =347-72 -> 275 | F4: 23.1 on 10/20
A5: MRPR01CS | B5: CS | C5: MRP B1 CS | D5: 35.04 | E5: 262.8 | F5: 23.1 on 10/20
A6: POCR03CS | B6: CS | C6: Craig Patriot Oaks - Hillltop B3 CS | D6: 59.66 | E6: 447.45 | F6: 24.4 on 10/20

Sheet Stats
B1: Sum of ACRES PICKED SINCE LAST COUNT | C1: Sum of TONS PICKED TODAY
A2: 45876 | B2: 21.975037 | C2: 116.02
A3: 45877 | B3: 19.654276 | C3: 106.16
A4: 45880 | B4: 6.1266031 | C4: 40
A5: 45881 | B5: 33.743986 | C5: 270.08
A6: 45882 | B6: 26.178912 | C6: 277.99
A7: 45883 | B7: 55.477657 | C7: 480.66
A8: 45884 | B8: 40.76 | C8: 394.51
A9: 45887 | B9: 71.277078 | C9: 546.99
A10: 45888 | B10: 61.474286 | C10: 500.599
A11: 45889 | B11: 82.272267 | C11: 630.08
A12: 45890 | B12: 89.203457 | C12: 593.8
A13: 45891 | B13: 33.700749 | C13: 221.03
... A30: 45909 | B30: 90.332003 | C30: 865.97

Sheet Source List
A1: Prince CB | F1: VINEYARD CODE | G1: SUB-BLOCK | H1: REGION | I1: SPACING | J1: TOTAL VINES | K1: ROW COUNT ACRES | L1: NOTES | N1: Updated: | O1: 45503 | P1: 0.5
A2: BLK | B2: AC. | C2: TPA | D2: EST TONS | F2: 98OK01CS | G2: 98OK01CS | H2: CLEMENTS | I2: 726 | J2: 16379 | K2: =J2/I2 -> 22.560606 | N2: By: | O2: Maria Z.
A3: 5 | B3: 0.37 | C3: 2.64 | D3: =B3*C3 -> 0.9768 | F3: 98OK02CS | G3: 98OK02CS | H3: CLEMENTS | I3: 726 | J3: 11178 | K3: =J3/I3 -> 15.396694
A4: 6 | B4: 3.15 | C4: 5.82 | D4: =B4*C4 -> 18.333 | F4: 98OK03MA | G4: 98OK03MA | H4: CLEMENTS | I4: 691 | J4: 13027 | K4: =J4/I4 -> 18.852388
F5: 98OK04CS | G5: 98OK04CS | H5: CLEMENTS | I5: 691 | J5: 18124 | K5: =J5/I5 -> 26.228654
A6: 10 | B6: 4.25 | C6: 2.73 | D6: =B6*C6 -> 11.6025 | F6: 98OK05CS | G6: 98OK05CS | H6: CLEMENTS | I6: 691 | J6: 13746 | K6: =J6/I6 -> 19.892909
F7: 98OK06CS | G7: 98OK06CS | H7: CLEMENTS | I7: 691 | J7: 15567 | K7: =J7/I7 -> 22.52822
A8: 14 | B8: 3.03 | C8: ? | D8: =3.03*8 -> 24.24 | E8: estimated 8tpa | F8: 98OK07ME | G8: 98OK07ME | H8: CLEMENTS | I8: 691 | J8: 25345 | K8: =J8/I8 -> 36.678726
F9: 98OK08PS | G9: 98OK08PS | H9: CLEMENTS | I9: 691 | J9: 16485 | K9: =J9/I9 -> 23.856729
F10: 98OK09CS | G10: 98OK09CS | H10: CLEMENTS | I10: 726 | J10: 27935 | K10: =J10/I10 -> 38.477961
F11: 98OK10ZN | G11: 98OK10ZN | H11: CLEMENTS | I11: 691 | J11: 12621 | K11: =J11/I11 -> 18.264834
F12: 98OK11CF | G12: 98OK11CF | H12: CLEMENTS | I12: 807 | J12: 16549 | K12: =J12/I12 -> 20.506815
F13: ARDA01CS | G13: ARDA01CS | H13: LODI | I13: 622 | J13: =10935+11704 -> 22639 | K13: =J13/I13 -> 36.397106
F14: BAPE01CH | G14: BAPE01CH | H14: LODI | I14: 726 | J14: 30107 | K14: =J14/I14 -> 41.469697
F15: BAVC01ZN | G15: BAVC01ZN | H15: CLEMENTS | I15: 622 | J15: 10298 | K15: =J15/I15 -> 16.55627
F16: BAVC02PR | G16: BAVC02PR | H16: CLEMENTS | I16: 622 | J16: 7170 | K16: =J16/I16 -> 11.527331
F17: BEBU01ME | G17: BEBU01ME | H17: LODI | I17: 807 | J17: 37779 | K17: =J17/I17 -> 46.814126
F18: BHCH01CS | G18: BHCH01CS-1 | H18: CLEMENTS | I18: 622 | J18: 2814 | K18: =J18/I18 -> 4.5241158
F19: BHCH01CS | G19: BHCH01CS-2 | H19: CLEMENTS | I19: 622 | J19: 2398 | K19: =J19/I19 -> 3.8553055
F20: BHCH01CS | G20: BHCH01CS-3 | H20: CLEMENTS | I20: 622 | J20: 751 | K20: =J20/I20 -> 1.2073955
F21: BHCH01CS | G21: BHCH01CS-4 | H21: CLEMENTS | I21: 622 | J21: 2031 | K21: =J21/I21 -> 3.2652733
A22: 15 | B22: 13.09 | C22: 11.52 | D22: =B22*C22 -> 150.7968 | F22: BHCH01CS | G22: BHCH01CS-5 | H22: CLEMENTS | I22: 622 | J22: 1215 | K22: =J22/I22 -> 1.9533762
A23: 16 | B23: 0 | C23: 8.5 | D23: =B23*C23 -> 0 | F23: BHCH01CS | G23: BHCH01CS-6 | H23: CLEMENTS | I23: 622 | J23: 612 | K23: =J23/I23 -> 0.98392283
A24: 17 | B24: 0 | C24: 11.11 | D24: =B24*C24 -> 0 | F24: BHCH01CS | G24: BHCH01CS-7 | H24: CLEMENTS | I24: 622 | J24: 2600 | K24: =J24/I24 -> 4.1800643
D25: =SUM(D3:D24) -> 205.9491 | F25: BHCH01CS | G25: BHCH01CS-8 | H25: CLEMENTS | I25: 622 | J25: 1618 | K25: =J25/I25 -> 2.6012862
F26: BHCH01CS | G26: BHCH01CS-9 | H26: CLEMENTS | I26: 622 | J26: 1283 | K26: =J26/I26 -> 2.062701
F27: BHCH01CS | G27: BHCH01CS-10 | H27: CLEMENTS | I27: 622 | J27: 1455 | K27: =J27/I27 -> 2.3392283
F28: BHCH01CS | G28: BHCH01CS-11 | H28: CLEMENTS | I28: 622 | J28: 774 | K28: =J28/I28 -> 1.244373
F29: BHCH01CS | G29: BHCH01CS-12 | H29: CLEMENTS | I29: 622 | J29: 3922 | K29: =J29/I29 -> 6.3054662
F30: BHCH01CS | G30: BHCH01CS-13 | H30: CLEMENTS | I30: 622 | J30: 5743 | K30: =J30/I30 -> 9.233119
F31: BHCH01CS | G31: BHCH01CS-ALL | H31: CLEMENTS | I31: 622 | J31: =SUM(J18:J30) -> 27216 | K31: =J31/I31 -> 43.755627
F32: BSHMOHCS | G32: BSHMOHCS | H32: CLEMENTS | I32: 605 | J32: 2554 | K32: =J32/I32 -> 4.2214876
A33: BHCH01CS | F33: CL3A01PV | G33: CL3A01PV | H33: CLEMENTS | I33: 681 | J33: 60308 | K33: =J33/I33 -> 88.558003
A34: set | B34: vines | F34: CL3A02SB | G34: CL3A02SB | H34: CLEMENTS | I34: 622 | J34: 30664 | K34: =J34/I34 -> 49.299035
A35: 7 | B35: 2600 | F35: CL3A04PV | G35: CL3A04PV | H35: CLEMENTS | I35: 681 | J35: 36152 | K35: =J35/I35 -> 53.086637
A36: 2 | B36: 2398 | C36: all | F36: CL3A05ZN | G36: CL3A05ZN | H36: CLEMENTS | I36: 681 | J36: 28396 | K36: =J36/I36 -> 41.697504
A37: 6 | B37: 612 | C37: fc | F37: CLAT01CS | G37: CLAT01CS | H37: CLEMENTS | I37: 681 | J37: =SUM(J38:J39) -> 26721 | K37: =J37/I37 -> 39.237885
A38: 6 | B38: 612 | C38: fc | F38: CLAT01CS | G38: CLAT01CS-DISCH | H38: CLEMENTS | I38: 681 | J38: 23968 | K38: =J38/I38 -> 35.195301
F39: CLAT01CS | G39: CLAT01CS-NS | H39: CLEMENTS | I39: 681 | J39: 2753 | K39: =J39/I39 -> 4.0425844
F40: CLAT02CH | G40: CLATCH-84ac | H40: CLEMENTS | I40: 681 | J40: 57068 | K40: =J40/I40 -> 83.800294
A41: 8 | B41: 1618 | C41: fc | F41: CLAT02CH | G41: CLAT02CH | H41: CLEMENTS | I41: 681 | J41: 55701 | K41: =J41/I41 -> 81.792952
A42: 5 | B42: 1215 | F42: CLAT05CS | G42: CLAT05CS | H42: CLEMENTS | I42: 681 | J42: 23399 | K42: =J42/I42 -> 34.359765
A43: 5 | B43: 1215 | F43: CLAT05CS | G43: CLAT05CS-N | H43: CLEMENTS | I43: 681 | J43: 3830 | K43: =J43/I43 -> 5.6240822
A44: 5 | B44: 1215 | F44: CLAT05CS | G44: CLAT05CS-S | H44: CLEMENTS | I44: 681 | J44: 19569 | K44: =J44/I44 -> 28.735683
A45: 11 | B45: 774 | F45: CLBC00VD | G45: CLBC00VD | H45: CLEMENTS | I45: 681 | J45: 4658 | K45: =J45/I45 -> 6.8399413
A46: 1 | B46: 2814 | C46: fc | F46: CLBC01PG | G46: CLBC01PG | H46: CLEMENTS | I46: 681 | J46: 26421 | K46: =J46/I46 -> 38.797357
A47: 4 | B47: 2031 | C47: fc | F47: CLBC02CH | G47: CLBC02CH | H47: CLEMENTS | I47: 681 | J47: =40343+241 -> 40584 | K47: =J47/I47 -> 59.594714 | L47: 2022 Harvest Status shows 40388?
F48: CLLA01ME | G48: CLLA01ME | H48: CLEMENTS | I48: 681 | J48: 49099 | K48: =J48/I48 -> 72.098385
A49: 12 | B49: 3922 | C49: fc | F49: CLLA01ME | G49: CLLA01ME-N | H49: CLEMENTS | I49: 681 | J49: 43557 | K49: =J49/I49 -> 63.960352
F50: CLLA01ME | G50: CLLA01ME-S | H50: CLEMENTS | I50: 681 | J50: 5542 | K50: =J50/I50 -> 8.1380323
F51: CLMN01SY | G51: CLMN01SY | H51: CLEMENTS | I51: 622 | J51: 36996 | K51: =J51/I51 -> 59.4791
A52: 13 | B52: 5743 | F52: CLMN01SY | G52: CLMN01SY-E | H52: CLEMENTS | I52: 622 | J52: 21239 | K52: =J52/I52 -> 34.146302
A53: 13 | B53: 5743 | F53: CLMN01SY | G53: CLMN01SY-W | H53: CLEMENTS | I53: 622 | J53: 15757 | K53: =J53/I53 -> 25.332797
B54: =SUM(B35:B52) -> 26769 | F54: CLMN02PV | G54: CLMN02PV | H54: CLEMENTS | I54: 622 | J54: 9103 | K54: =J54/I54 -> 14.635048
F55: CLMNOHPS | G55: CLMNOHPS | H55: CLEMENTS | I55: 622 | J55: =SUM(J56:J58) -> 20354 | K55: =J55/I55 -> 32.723473
F56: CLMN03PS | G56: CLMN03PS | H56: CLEMENTS | I56: 622 | J56: 3004 | K56: =J56/I56 -> 4.829582
F57: CLMN04PS | G57: CLMN04PS | H57: CLEMENTS | I57: 622 | J57: 7450 | K57: =J57/I57 -> 11.977492
F58: CLMN05PS | G58: CLMN05PS | H58: CLEMENTS | I58: 622 | J58: 9900 | K58: =J58/I58 -> 15.916399
F59: CLMO01BA | G59: CLMO01BA | H59: CLEMENTS | I59: 681 | J59: 22973 | K59: =J59/I59 -> 33.734214
F60: CLNR01CS | G60: CLNR01CS | H60: CLEMENTS | I60: 726 | J60: 43036 | K60: =J60/I60 -> 59.278237
F61: CLOK01ME | G61: CLOK01ME | H61: CLEMENTS | I61: 681 | J61: 68165 | K61: =J61/I61 -> 100.09545
F62: CLOK02CS | G62: CLOK02CS | H62: CLEMENTS | I62: 681 | J62: 70478 | K62: =J62/I62 -> 103.49192
F63: CLOK02CS | G63: CLOK02CS-MAIN | H63: CLEMENTS | I63: 681 | J63: 62991 | K63: =J63/I63 -> 92.497797
F64: CLOK02CS | G64: CLOK02CS-SW | H64: CLEMENTS | I64: 681 | J64: 7487 | K64: =J64/I64 -> 10.994126
F65: CLPC01ME | G65: CLPC01ME | H65: CLEMENTS | I65: 681 | J65: 25777 | K65: =J65/I65 -> 37.851689
F66: CLPC01ME | G66: CLPC01ME-K | H66: CLEMENTS | I66: 681 | J66: 17266 | K66: =J66/I66 -> 25.353891
F67: CLPC01ME | G67: CLPC01ME-NS | H67: CLEMENTS | I67: 681 | J67: 8511 | K67: =J67/I67 -> 12.497797
... F131: LF1002PS | G131: LF1002PS | H131: LODI | I131: 807 | J131: 39630 | K131: =J131/I131 -> 49.107807
F132: LF3801CS | G132: LF3801CS | H132: LODI | I132: 622 | J132: =SUM(J133:J134) -> 29134 | K132: =J132/I132 -> 46.839228
F133: LF3801CS | G133: LF3801CS-sprawl | H133: LODI | I133: 622 | J133: 11789 | K133: =J133/I133 -> 18.953376
F134: LF3801CS | G134: LF3801CS-vsp | H134: LODI | I134: 622 | J134: 17345 | K134: =J134/I134 -> 27.885852
F135: LF8001TD | G135: LF8001TD | H135: LODI | I135: 622 | J135: 15349 | K135: =J135/I135 -> 24.676849
F136: LF8002PV | G136: LF8002PV | H136: LODI | I136: 622 | J136: 16062 | K136: =J136/I136 -> 25.823151
F137: LF8003PS | G137: LF8003PS | H137: LODI | I137: 622 | J137: 4428 | K137: =J137/I137 -> 7.1189711
F138: LF8004CH | G138: LF8004CH | H138: LODI | I138: 622 | J138: 11433 | K138: =J138/I138 -> 18.381029
F139: LFBE01CS | G139: LFBE01CS | H139: LODI | I139: 726 | J139: 41905 | K139: =J139/I139 -> 57.720386
F140: LFBE02VI | G140: LFBE02VI | H140: LODI | I140: 778 | J140: 29280 | K140: =J140/I140 -> 37.634961
F141: LFBT01CH | G141: LFBT01CH | H141: LODI | I141: 807 | J141: 30338 | K141: =J141/I141 -> 37.593556
F142: LFBT02SB | G142: LFBT02SB | H142: LODI | I142: 726 | J142: 27203 | K142: =J142/I142 -> 37.469697
F143: LFDA02PG | G143: LFDA02PG | H143: LODI | I143: 908 | J143: 8809 | K143: =J143/I143 -> 9.7015419
F144: LFDA03CH | G144: LFDA03CH | H144: LODI | I144: 622 | J144: 11341 | K144: =J144/I144 -> 18.233119
... F192: ONMI08ME | G192: ONMI08ME | H192: DELTA | I192: 807 | J192: 30658 | K192: =J192/I192 -> 37.990087
F193: ONMI09CH | G193: ONMI09CH | H193: DELTA | I193: 807 | J193: =31291-1081 -> 30210 | K193: =J193/I193 -> 37.434944
F194: POCR03CS | G194: POCR03CS | H194: CLEMENTS | I194: 681 | J194: =SUM(J195:J196) -> 40476 | K194: =J194/I194 -> 59.436123
F195: POCR03CS-E | G195: POCR03CS-E | H195: CLEMENTS | I195: 681 | J195: 27838 | K195: =J195/I195 -> 40.87812
F196: POCR03CS-W | G196: POCR03CS-W | H196: CLEMENTS | I196: 681 | J196: 12638 | K196: =J196/I196 -> 18.558003
F197: POHM01PV | G197: POHM01PV | H197: CLEMENTS | I197: 968 | J197: 14150 | K197: =J197/I197 -> 14.617769
F198: PPBR03CH | G198: PPBR03CH | H198: CLEMENTS | I198: 622 | J198: 25496 | K198: =J198/I198 -> 40.990354
F199: PPBR03CH | G199: PPBR03CH-E | H199: CLEMENTS | I199: 622 | J199: 12034 | K199: =J199/I199 -> 19.347267
F200: PPBR03CH | G200: PPBR03CH-MID | H200: CLEMENTS | I200: 622 | J200: 8666 | K200: =J200/I200 -> 13.932476
F201: PPBR03CH | G201: PPBR03CH-W | H201: CLEMENTS | I201: 622 | J201: 4796 | K201: =J201/I201 -> 7.7106109
F202: PPCR01ME | G202: PPCR01ME | H202: CLEMENTS | I202: 681 | J202: 22610 | K202: =J202/I202 -> 33.201175
F203: PPCR02CH | G203: PPCR02CH | H203: CLEMENTS | I203: 681 | J203: 22329 | K203: =J203/I203 -> 32.788546
F204: PRHZ01CH | G204: PRHZ01CH | H204: DELTA | I204: 566 | J204: 6935 | K204: =J204/I204 -> 12.25265
F205: PRHZ02PN | G205: PRHZ02PN | H205: DELTA | I205: 691 | J205: 4869 | K205: =J205/I205 -> 7.0463097
F206: PRHZ03PN | G206: PRHZ03PN | H206: DELTA | I206: 691 | J206: 4876 | K206: =J206/I206 -> 7.0564399
... F244: ZLSO01PN | G244: ZLSO01PN | H244: CLEMENTS | I244: 622 | J244: 51248 | K244: =J244/I244 -> 82.392283
F245: LASHI-CH | G245: LASHI-CH | H245: LODI
F246: LEWIS-100 | G246: LEWIS-100 | H246: CLEMENTS
F247: LEWIS-4AC | G247: LEWIS-4AC | H247: CLEMENTS
...
